acn,name,date,status,type,suburb,state,postcode
701875005,AC TIMES TWO PTY LTD,2026-08-30,Registered,Australian Proprietary Company,SOUTH MELBOURNE,VIC,3205
702058320,GALLERIA HOLDINGS PTY LTD,2026-09-04,Registered,Australian Proprietary Company,PORT MACQUARIE,NSW,2444
702058384,NCUBE GROUP PTY LTD,2026-09-04,Registered,Australian Proprietary Company,PAKENHAM,VIC,3810
702058428,BASHOUR HOLDING PTY LTD,2026-09-04,Registered,Australian Proprietary Company,ROBINA,QLD,4226
702058482,RELAF GROUP PTY LTD,2026-09-04,Registered,Australian Proprietary Company,HEDDON GRETA,NSW,2321
702058580,EPD HTC PTY LTD,2026-09-04,Registered,Australian Proprietary Company,UPWEY,VIC,3158
702058624,YERRABI YURWANG MONCRIEF LIMITED,2026-09-04,Registered,Australian Public Company,ACTON,ACT,2601
702058642,SDWSF PTY LTD,2026-09-04,Registered,Australian Proprietary Company,ROBINA,QLD,4226
702058660,ARCH DESIGNS BUILDING GROUP PTY LTD,2026-09-04,Registered,Australian Proprietary Company,MILL PARK,VIC,3082
702058688,ALADUN CAPITAL HOLDINGS PTY LTD,2026-09-04,Registered,Australian Proprietary Company,WOLLONGONG,NSW,2500
702058704,BISSC HOLDINGS PTY LTD,2026-09-04,Registered,Australian Proprietary Company,BRISBANE CITY,QLD,4000
702058740,NUMBERS LOCAL PTY LTD,2026-09-04,Registered,Australian Proprietary Company,MAROOCHYDORE,QLD,4558
702058820,IM HARD FOR YOUR WOOD PTY LTD,2026-09-04,Registered,Australian Proprietary Company,DOCKLANDS,VIC,3008
702058848,SAFE STATE ENGINEERING PTY LTD,2026-09-04,Registered,Australian Proprietary Company,SUBIACO,WA,6008
702058866,HK CHOPRA PTY LTD,2026-09-04,Registered,Australian Proprietary Company,WELLARD,WA,6170
702059087,LUMA LIGHTING PTY. LTD.,2026-09-04,Registered,Australian Proprietary Company,SEAFORD,VIC,3198
702059103,TRACY HOME CARE PTY LTD,2026-09-04,Registered,Australian Proprietary Company,BURWOOD,NSW,2134
702059247,JOLLY PHARM PTY LTD,2026-09-04,Registered,Australian Proprietary Company,PERTH,WA,6000
702059283,CALLI CAPITAL PTY LTD,2026-09-04,Registered,Australian Proprietary Company,MOUNT WAVERLEY,VIC,3149
702059381,D & K MULLINS PROPERTY PTY LTD,2026-09-04,Registered,Australian Proprietary Company,MURRUMBA DOWNS,QLD,4503
702059425,AVELIN HOLDINGS PTY LTD,2026-09-04,Registered,Australian Proprietary Company,SOUTHBANK,VIC,3006
702059541,BREGENHOJ FAMILY PTY LTD,2026-09-04,Registered,Australian Proprietary Company,MONA VALE,NSW,2103
702059649,SONA ADVISORY GROUP PTY LTD,2026-09-04,Registered,Australian Proprietary Company,SYDNEY,NSW,2000
702059667,LEAF ENVIRONMENTAL PTY LTD,2026-09-04,Registered,Australian Proprietary Company,HAMPSTEAD GARDENS,SA,5086
702059685,MACQUARIE DC INFRASTRUCTURE PTY LIMITED,2026-09-04,Registered,Australian Proprietary Company,SYDNEY,NSW,2000
702059747,GROW CAPITAL GROUP PTY LTD,2026-09-04,Registered,Australian Proprietary Company,VARSITY LAKES,QLD,4227
702059809,N & J CONLAN INVESTMENTS PTY LTD,2026-09-04,Registered,Australian Proprietary Company,BARWON HEADS,VIC,3227
702059863,WELLSCORP GROUP PTY LTD,2026-09-04,Registered,Australian Proprietary Company,SEVENTEEN MILE ROCKS,QLD,4073
702059881,RAGGEDY BITS & CO PTY LTD,2026-09-04,Registered,Australian Proprietary Company,BOWEN MOUNTAIN,NSW,2753
702060080,WAYFARER PSYCHOLOGY PTY LTD,2026-09-04,Registered,Australian Proprietary Company,KENSINGTON,WA,6151
702060106,QUEENSLAND GOLD BUYERS PTY LTD,2026-09-04,Registered,Australian Proprietary Company,MAROOCHYDORE,QLD,4558
702060124,CHEXY PTY LTD,2026-09-04,Registered,Australian Proprietary Company,SYDNEY,NSW,2000
702060142,GALILEO WERRIBEE OUTLET CENTRE PTY LIMITED,2026-09-04,Registered,Australian Proprietary Company,SYDNEY,NSW,2000
702060160,ALFA AUCTIONS PTY LTD,2026-09-04,Registered,Australian Proprietary Company,MIRANDA,NSW,2228
702060240,MORSE MEDIA PTY LTD,2026-09-04,Registered,Australian Proprietary Company,ST IVES CHASE,NSW,2075
702060302,BRINDLEMARK LABS PTY LTD,2026-09-04,Registered,Australian Proprietary Company,CHATSWOOD,NSW,2067
702060348,BOXWOOD MANAGEMENT PTY LTD,2026-09-04,Registered,Australian Proprietary Company,MOREE,NSW,2400
702060400,APV PROPERTY CAPITAL PTY LTD,2026-09-04,Registered,Australian Proprietary Company,BUNBURY,WA,6230
702060464,KEAN BERGSTEDT PTY LTD,2026-09-04,Registered,Australian Proprietary Company,FIVE DOCK,NSW,2046
702060562,KARRI REEF RESOURCES PTY LTD,2026-09-04,Registered,Australian Proprietary Company,PERTH,WA,6000
702060642,TOOLBOXFM PTY LTD,2026-09-04,Registered,Australian Proprietary Company,SARATOGA,NSW,2251
702060768,SAWHNEY LOGISTICS PTY LTD,2026-09-04,Registered,Australian Proprietary Company,DONNYBROOK,VIC,3064
702060786,SNOWGRASS MATERIALS PTY LTD,2026-09-04,Registered,Australian Proprietary Company,ARANDA,ACT,2614
702060802,KCRETE & CO PTY LTD,2026-09-04,Registered,Australian Proprietary Company,BLACKBURN,VIC,3130
702060848,SLD 18 PARTNERSHIP PTY LTD,2026-09-04,Registered,Australian Proprietary Company,BURWOOD,NSW,2134
702060884,KHAN PROPERTY & CONSTRUCTION PTY LTD,2026-09-04,Registered,Australian Proprietary Company,MOUNT DRUITT,NSW,2770
702060964,PATIALA HOUSE CO PTY LTD,2026-09-04,Registered,Australian Proprietary Company,GLEN WAVERLEY,VIC,3150
702061005,LYNJAM HOLDINGS PTY LTD,2026-09-04,Registered,Australian Proprietary Company,BALLARAT CENTRAL,VIC,3350
702061041,COPILOT SPORTS GROUP PTY LTD,2026-09-04,Registered,Australian Proprietary Company,CROYDON SOUTH,VIC,3136
702061069,POINT MAX SOLUTION PTY LTD,2026-09-04,Registered,Australian Proprietary Company,HOPPERS CROSSING,VIC,3029
702061103,ZW FORTUNE PTY LTD,2026-09-04,Registered,Australian Proprietary Company,CHATSWOOD,NSW,2067
702061149,GLOBAL PRODUCT IMPORTS OCEANA PTY LTD,2026-09-04,Registered,Australian Proprietary Company,PEAKHURST,NSW,2210
702061185,P&R MANUEL INVESTMENTS PTY LTD,2026-09-04,Registered,Australian Proprietary Company,CLAYTON,VIC,3168
702061229,RCR RENDERING PTY LTD,2026-09-04,Registered,Australian Proprietary Company,AUBURN,NSW,2144
702061345,WATTS 197 ASSETS PTY LTD,2026-09-04,Registered,Australian Proprietary Company,PRESTON SETTLEMENT,WA,6225
702061425,EXIA PTY LTD,2026-09-04,Registered,Australian Proprietary Company,PERTH,WA,6000
702061489,PULSE COLLECTIVE CO. PTY LTD,2026-09-04,Registered,Australian Proprietary Company,MASCOT,NSW,2020
702061505,WINE TERROIRISTS PTY LTD,2026-09-04,Registered,Australian Proprietary Company,EAST PERTH,WA,6004
702061523,RMA INVESTMENTS PTY LTD,2026-09-04,Registered,Australian Proprietary Company,WEST HOXTON,NSW,2171
702061541,SAUL FAMILY SUPER PTY LTD,2026-09-04,Registered,Australian Proprietary Company,OSBORNE PARK,WA,6017
702061587,JGI SERVICES PTY LTD,2026-09-04,Registered,Australian Proprietary Company,FORTITUDE VALLEY,QLD,4006
702061649,MP GILL PTY LTD,2026-09-04,Registered,Australian Proprietary Company,MADDINGLEY,VIC,3340
702061783,WESTERN SYDNEY DIESEL PTY LTD,2026-09-04,Registered,Australian Proprietary Company,BRIDGMAN,NSW,2330
702061845,C & P RUSSELL SERVICES PTY LTD,2026-09-04,Registered,Australian Proprietary Company,REDLAND BAY,QLD,4165
702061961,MY GURU KESHAV JIVAN INVESTMENTS PTY LTD,2026-09-04,Registered,Australian Proprietary Company,BANKSIA GROVE,WA,6031
702061989,VERSANT PTY LTD,2026-09-04,Registered,Australian Proprietary Company,WOLLERT,VIC,3750
702062020,SLEEK GLOBAL EXPORTS PTY LTD,2026-09-04,Registered,Australian Proprietary Company,FRASER,ACT,2615
702062208,HANAN VENTURES PTY LTD,2026-09-04,Registered,Australian Proprietary Company,SILVERWATER,NSW,2128
702062262,JACKALOPE HOLDINGS PTY LTD,2026-09-04,Registered,Australian Proprietary Company,INNISPLAIN,QLD,4285
702062306,WORLDWIDE GROCERIES PTY LTD,2026-09-04,Registered,Australian Proprietary Company,SUBIACO,WA,6008
702062324,DC BUSINESS GROUP PTY LTD,2026-09-04,Registered,Australian Proprietary Company,DELAHEY,VIC,3037
702062502,CENTRAL WEST ENVIRONMENTAL SOLUTIONS PTY LTD,2026-09-04,Registered,Australian Proprietary Company,BATHURST,NSW,2795
702062600,BOSS TAX AND ADVISORY GROUP PTY LTD,2026-09-04,Registered,Australian Proprietary Company,GOONELLABAH,NSW,2480
702062646,WA SPACE FORUM PTY LTD,2026-09-04,Registered,Australian Proprietary Company,PERTH,WA,6000
702062682,AZIZ SUPERFUND PTY LTD,2026-09-04,Registered,Australian Proprietary Company,BERWICK,VIC,3806
702062726,ZEZE COMMERCIAL PTY LTD,2026-09-04,Registered,Australian Proprietary Company,CASULA,NSW,2170
702062824,FORBES HOLDINGS AUSTRALIA PTY LTD,2026-09-04,Registered,Australian Proprietary Company,EGLINTON,WA,6034
702062842,LOCKYER NOMINEES PTY LTD,2026-09-04,Registered,Australian Proprietary Company,MACKAY SOUTH,QLD,4740
702062860,ISARAY PTY LTD,2026-09-04,Registered,Australian Proprietary Company,IRYMPLE,VIC,3498
702062940,LUXE AUTOMOTIVE PTY LTD,2026-09-04,Registered,Australian Proprietary Company,SUNSHINE NORTH,VIC,3020
702062986,SASO GROUP SERVICES PTY LTD,2026-09-04,Registered,Australian Proprietary Company,SOUTH WENTWORTHVILLE,NSW,2145
702063081,GREWAL CAPITAL HOLDINGS PTY LTD,2026-09-04,Registered,Australian Proprietary Company,BEAUMONT HILLS,NSW,2155
702063125,SHANAHAN GROUP PROPERTIES NO. 5 PTY LTD,2026-09-04,Registered,Australian Proprietary Company,MELBOURNE,VIC,3000
702063143,ELEMENT POWER SERVICES PTY LTD,2026-09-04,Registered,Australian Proprietary Company,ALBURY,NSW,2640
702063223,80 BROADWAY ELWOOD PTY LTD,2026-09-04,Registered,Australian Proprietary Company,SOUTH MELBOURNE,VIC,3205
702063269,EARNISTY PTY LTD,2026-09-04,Registered,Australian Proprietary Company,WENTWORTH FALLS,NSW,2782
702063303,POCOCK PROPERTY PTY LTD,2026-09-04,Registered,Australian Proprietary Company,HAMILTON HILL,WA,6163
702063349,GRECH SUPER PTY LTD,2026-09-04,Registered,Australian Proprietary Company,BURNSIDE HEIGHTS,VIC,3023
702063385,WREDS PROJECTS PTY LTD,2026-09-04,Registered,Australian Proprietary Company,COFFS HARBOUR,NSW,2450
702063401,AL INVESTMENT HOLDINGS PTY LTD,2026-09-04,Registered,Australian Proprietary Company,DUBBO,NSW,2830
702063447,GOPINATH CORPORATE NOMINEES PTY LTD,2026-09-04,Registered,Australian Proprietary Company,TALLAWONG,NSW,2762
702063527,MICHAEL & TONY LUPPINO PTY LTD,2026-09-04,Registered,Australian Proprietary Company,BRIGHTON-LE-SANDS,NSW,2216
702063625,OPES ARBORIS PTY LTD,2026-09-04,Registered,Australian Proprietary Company,THE GAP,QLD,4061
702063643,WESTLINE FREIGHT PTY LTD,2026-09-04,Registered,Australian Proprietary Company,BRABHAM,WA,6055
702063661,BRUMFIELD SUPER PTY LTD,2026-09-04,Registered,Australian Proprietary Company,SOUTH MELBOURNE,VIC,3205
702063723,COASTAL COLLECTABLES PTY LTD,2026-09-04,Registered,Australian Proprietary Company,UPPER MOUNT GRAVATT,QLD,4122
702063769,MAXX CARE SERVICES PTY LTD,2026-09-04,Registered,Australian Proprietary Company,WHITE ROCK,QLD,4306
702063885,MY GURU KESHAV JIVAN PROPERTIES PTY LTD,2026-09-04,Registered,Australian Proprietary Company,BANKSIA GROVE,WA,6031
702064006,BAYSIDE DISABILITY SUPPORT & CARE PTY LTD.,2026-09-04,Registered,Australian Proprietary Company,NARRE WARREN SOUTH,VIC,3805
702064042,CITY EDGE BUILDING PTY LTD,2026-09-04,Registered,Australian Proprietary Company,HADFIELD,VIC,3046
702064088,DOUGH MAKER PTY LTD,2026-09-04,Registered,Australian Proprietary Company,MACKAY,QLD,4740
702064104,THE PRACTICE GROUP PTY LTD,2026-09-04,Registered,Australian Proprietary Company,CARLTON,VIC,3053
702064122,CR SUPER FUND (WA) PTY LTD,2026-09-04,Registered,Australian Proprietary Company,TUART HILL,WA,6060
702064140,HSR2 TECHNOLOGY CONSULTING PTY LTD,2026-09-04,Registered,Australian Proprietary Company,SOUTH WENTWORTHVILLE,NSW,2145
702064220,BRAGANZA HOLDINGS PTY LTD,2026-09-04,Registered,Australian Proprietary Company,RICHMOND,VIC,3121
702064300,RQ TECH PTY LTD,2026-09-04,Registered,Australian Proprietary Company,FRANKLIN,ACT,2913
702064382,PIXEL MEDIA CO PTY LTD,2026-09-04,Registered,Australian Proprietary Company,ESSENDON,VIC,3040
702064408,MMR PLANT HIRE PTY LTD,2026-09-04,Registered,Australian Proprietary Company,BALCATTA,WA,6021
702064462,WINNING EDGE ONE PTY LTD,2026-09-04,Registered,Australian Proprietary Company,BEAUMARIS,VIC,3193
702064524,PHARMATWISTS CLIFFORD GARDENS PTY LTD,2026-09-04,Registered,Australian Proprietary Company,TOOWONG,QLD,4066
702064542,KXG INTERIORS PTY LTD,2026-09-04,Registered,Australian Proprietary Company,BUNDOORA,VIC,3083
702064588,PALMER PROJECT NSW PTY LTD,2026-09-04,Registered,Australian Proprietary Company,BARTON,ACT,2600
702064604,PHARMATWISTS INDOOROOPILLY LOWER PTY LTD,2026-09-04,Registered,Australian Proprietary Company,TOOWONG,QLD,4066
702064640,MOBBS SAFETY AND TRAINING PTY LTD,2026-09-04,Registered,Australian Proprietary Company,UPPER MOUNT GRAVATT,QLD,4122
702064668,PERMAGROUP (WA) PTY LTD,2026-09-04,Registered,Australian Proprietary Company,TUART HILL,WA,6060
702064702,BAXTER STREET PTY LTD,2026-09-04,Registered,Australian Proprietary Company,BENDIGO,VIC,3550
702064720,BAY PAWS PTY LTD,2026-09-04,Registered,Australian Proprietary Company,WAGGA WAGGA,NSW,2650
702064800,PHARMATWISTS GEORGE STREET PTY LTD,2026-09-04,Registered,Australian Proprietary Company,TOOWONG,QLD,4066
702065101,MCPHEE EARTHMOVING PTY LTD,2026-09-04,Registered,Australian Proprietary Company,STOCKLEIGH,QLD,4280
702065129,S REYNOLDS SUPER PTY LTD,2026-09-04,Registered,Australian Proprietary Company,BYRON BAY,NSW,2481
702065147,MYGAMEHQ PTY LTD,2026-09-04,Registered,Australian Proprietary Company,CUMBALUM,NSW,2478
702065165,SPONGOLITE HOLDINGS PTY LTD,2026-09-04,Registered,Australian Proprietary Company,BRADDON,ACT,2612
702065209,WANG & LIU SUPER CUSTODIAN 4 PTY LTD,2026-09-04,Registered,Australian Proprietary Company,BOX HILL NORTH,VIC,3129
702065263,THE BACK NINE GROUP PTY LTD,2026-09-04,Registered,Australian Proprietary Company,HYDE PARK,SA,5061
702065281,SLICE AND SMASH PTY LTD,2026-09-04,Registered,Australian Proprietary Company,DEVONPORT,TAS,7310
702065361,13-15 DRAKE BOULEVARD PTY LTD,2026-09-04,Registered,Australian Proprietary Company,DOCKLANDS,VIC,3008
702065405,SILVER STAR SILVER PTY LTD,2026-09-04,Registered,Australian Proprietary Company,BRISBANE CITY,QLD,4000
702065469,SHOEGRAB STORE PTY LTD,2026-09-04,Registered,Australian Proprietary Company,BANKSTOWN,NSW,2200
702065503,WELLSPRING ALLIED HEALTH GROUP PTY LTD,2026-09-04,Registered,Australian Proprietary Company,SEVENTEEN MILE ROCKS,QLD,4073
702065647,KNG PROPERTY INVESTMENTS PTY LTD,2026-09-04,Registered,Australian Proprietary Company,MILPERRA,NSW,2214
702065683,ZIIMANTIC PTY LTD,2026-09-04,Registered,Australian Proprietary Company,SYDNEY,NSW,2000
702065745,APTCN SERVICES PTY. LIMITED,2026-09-04,Registered,Australian Proprietary Company,FOOTSCRAY,VIC,3011
702065807,HUNTINGDALE GROCERY PTY LTD,2026-09-04,Registered,Australian Proprietary Company,HUNTINGDALE,VIC,3166
702065861,NOVUM ADVANCED WORKS PTY. LTD.,2026-09-04,Registered,Australian Proprietary Company,WEST PERTH,WA,6005
702065923,AJORA PTY LTD,2026-09-04,Registered,Australian Proprietary Company,AIRDS,NSW,2560
702065941,SWEET LIME DIGITAL PTY LTD,2026-09-04,Registered,Australian Proprietary Company,GLENELG NORTH,SA,5045
702066000,AVEER GORAYA PTY LTD,2026-09-04,Registered,Australian Proprietary Company,CANNINGTON,WA,6107
702066108,ASTRANOVA HOLDINGS PTY LTD,2026-09-04,Registered,Australian Proprietary Company,COFFS HARBOUR,NSW,2450
702066126,DOUBLE K INDUSTRIES PTY LTD,2026-09-04,Registered,Australian Proprietary Company,MOUNT BARKER,SA,5251
702066180,HDSMITH PLUMBING SOLUTIONS PTY LTD,2026-09-04,Registered,Australian Proprietary Company,NEWCASTLE,NSW,2300
702066242,LINDUM PROPERTY INVESTMENTS PTY LTD,2026-09-04,Registered,Australian Proprietary Company,ADELAIDE,SA,5000
702066304,STYLING STARS PTY LTD,2026-09-04,Registered,Australian Proprietary Company,ROCKINGHAM,WA,6168
702066402,MAJESTIC HAULAGE ENTERPRISES PTY LTD,2026-09-04,Registered,Australian Proprietary Company,PARAFIELD GARDENS,SA,5107
702066420,SERCHA TECHNOLOGIES PTY LTD,2026-09-04,Registered,Australian Proprietary Company,NUNDAH,QLD,4012
702066466,GOOD GAMES BYFORD PTY LTD,2026-09-04,Registered,Australian Proprietary Company,BYFORD,WA,6122
702066500,BATHHUB PTY LTD,2026-09-04,Registered,Australian Proprietary Company,HECKENBERG,NSW,2168
702066546,FLYING PIG BLINDS PTY LTD,2026-09-04,Registered,Australian Proprietary Company,LITHGOW,NSW,2790
702066582,CARRACHER FAMILY FOUNDATION PTY LTD,2026-09-04,Registered,Australian Proprietary Company,SYDNEY,NSW,2000
702066680,THENEWNHAMS PTY LTD,2026-09-04,Registered,Australian Proprietary Company,AIRPORT WEST,VIC,3042
702066742,SEEDER.GG PTY LTD,2026-09-04,Registered,Australian Proprietary Company,SURRY HILLS,NSW,2010
702066760,LLENNODO GROUP PTY LTD,2026-09-04,Registered,Australian Proprietary Company,NEWPORT,NSW,2106
702066804,TJ CUNNINGHAM GROUP PTY LTD,2026-09-04,Registered,Australian Proprietary Company,ROBINA,QLD,4226
702066822,WE ARE PEOPLE SCIENCE PTY LTD,2026-09-04,Registered,Australian Proprietary Company,SYDNEY,NSW,2000
702066886,VKB RODRIGUEZ PTY LTD,2026-09-04,Registered,Australian Proprietary Company,PEAKHURST,NSW,2210
702066920,N & S BRADY SUPER PTY LTD,2026-09-04,Registered,Australian Proprietary Company,SOUTH MELBOURNE,VIC,3205
702066966,JESTIN GRAND CENTRAL PTY LTD,2026-09-04,Registered,Australian Proprietary Company,TOOWONG,QLD,4066
702067089,AUS SITE SOLUTIONS PTY LTD,2026-09-04,Registered,Australian Proprietary Company,WEST SWAN,WA,6055
702067187,SABKA PTY LTD,2026-09-04,Registered,Australian Proprietary Company,PORT MELBOURNE,VIC,3207
702067203,GFF AI PTY. LTD.,2026-09-04,Registered,Australian Proprietary Company,MARSFIELD,NSW,2122
702067267,GOLD CASA PTY LTD,2026-09-04,Registered,Australian Proprietary Company,PLYMPTON PARK,SA,5038
702067285,GROUNDWORK EDUCATION PTY LTD,2026-09-04,Registered,Australian Proprietary Company,WESTON,ACT,2611
702067301,ELEVATION OCCUPATIONAL THERAPY PTY LTD,2026-09-04,Registered,Australian Proprietary Company,DONCASTER,VIC,3108
702067365,ONDE SKIN AESTHETIC PTY LTD,2026-09-04,Registered,Australian Proprietary Company,GORDON,NSW,2072
702067383,CEEZION DEVELOPERS PTY LTD,2026-09-04,Registered,Australian Proprietary Company,HORSHAM,VIC,3400
702067427,RADHA KRISHNA GROUP PTY LTD,2026-09-04,Registered,Australian Proprietary Company,MARSDEN PARK,NSW,2765
702067445,BNTP SUPER PTY LTD,2026-09-04,Registered,Australian Proprietary Company,DOCKLANDS,VIC,3008
702067481,KO CAPITAL PTY LTD,2026-09-04,Registered,Australian Proprietary Company,CONCORD,NSW,2137
702067507,WILSON NORTH RYDE PTY LTD,2026-09-04,Registered,Australian Proprietary Company,GREENACRE,NSW,2190
702067641,HARI N LALLER TRANSPORT SOLUTIONS PTY LTD,2026-09-04,Registered,Australian Proprietary Company,WOLLERT,VIC,3750
702067669,GUIDENEST INVESTMENT HOLDINGS PTY LTD,2026-09-04,Registered,Australian Proprietary Company,PIARA WATERS,WA,6112
702067703,JALX TRAFFIC PTY LTD,2026-09-04,Registered,Australian Proprietary Company,DOCKLANDS,VIC,3008
702067749,UCC SYDNEY PTY LTD,2026-09-04,Registered,Australian Proprietary Company,TURRAMURRA,NSW,2074
702067785,VG KOLLECTIVE SUPER PTY LTD,2026-09-04,Registered,Australian Proprietary Company,WEST PERTH,WA,6005
702067801,HK HOMEZ PTY LTD,2026-09-04,Registered,Australian Proprietary Company,RIVERSTONE,NSW,2765
702067847,LIGHT WORK PTY. LTD.,2026-09-04,Registered,Australian Proprietary Company,STUART PARK,NT,0820
702067865,ASHWOOD HEALTH SPRING PTY LTD,2026-09-04,Registered,Australian Proprietary Company,TOOWONG,QLD,4066
702067963,ATREUS ENTERPRISES PTY LTD,2026-09-04,Registered,Australian Proprietary Company,BRISBANE CITY,QLD,4000
702067981,FIELDFERN INVESTMENTS PTY LTD,2026-09-04,Registered,Australian Proprietary Company,MOUNT ELIZA,VIC,3930
702068040,BEEVEE FT PTY LTD,2026-09-04,Registered,Australian Proprietary Company,SURFERS PARADISE,QLD,4217
702068068,EMVEE FT PTY LTD,2026-09-04,Registered,Australian Proprietary Company,SURFERS PARADISE,QLD,4217
702068086,PAW PAW TOWN PTY LTD,2026-09-04,Registered,Australian Proprietary Company,MELBOURNE,VIC,3004
702068102,LITTLE MOUNT ENTERPRISES PTY LTD,2026-09-04,Registered,Australian Proprietary Company,SOUTH MELBOURNE,VIC,3205
702068200,VG KOLLECTIVE GEARING PTY LTD,2026-09-04,Registered,Australian Proprietary Company,WEST PERTH,WA,6005
702068228,THE KEEPER ESTATE PTY LTD,2026-09-04,Registered,Australian Proprietary Company,BALCATTA,WA,6021
702068246,PAYRAMANAR THEVARAAYAN FAMILY INVESTMENTS PTY LTD,2026-09-04,Registered,Australian Proprietary Company,BERWICK,VIC,3806
702068308,PINPOINT MARINE PTY LTD,2026-09-04,Registered,Australian Proprietary Company,BATTERY POINT,TAS,7004
702068362,ASMIR DEVELOPMENTS PTY LTD,2026-09-04,Registered,Australian Proprietary Company,UNDERWOOD,QLD,4119
702068406,GROWMAX PTY LTD,2026-09-04,Registered,Australian Proprietary Company,FAWKNER,VIC,3060
702068424,LCKCZ & PROSPERITY PTY LTD,2026-09-04,Registered,Australian Proprietary Company,WOODVALE,WA,6026
702068460,CHNRS PTY LTD,2026-09-04,Registered,Australian Proprietary Company,COFFS HARBOUR,NSW,2450
702068648,EM FINE STUDIO PTY LTD,2026-09-04,Registered,Australian Proprietary Company,NORTH ROCKS,NSW,2151
702068862,HEARTS AND STARS PTY LTD,2026-09-04,Registered,Australian Proprietary Company,SPRINGWOOD,QLD,4127
702068942,PARAGON STUDIO PTY LTD,2026-09-04,Registered,Australian Proprietary Company,ARMADALE,VIC,3143
702068988,WORKWEAR DISCOUNTS FRANCHISE HOLDINGS PTY LTD,2026-09-04,Registered,Australian Proprietary Company,TOOWOOMBA,QLD,4350
702069047,WILLIAMS EQUIPMENT SOLUTIONS PTY. LTD.,2026-09-08,Registered,Australian Proprietary Company,BUTLER,WA,6036
702069065,MAIOLO INVESTMENTS HOLDING PTY LTD,2026-09-04,Registered,Australian Proprietary Company,BRUNSWICK,VIC,3056
702069083,SLV SMSF PTY LTD,2026-09-04,Registered,Australian Proprietary Company,ENFIELD,SA,5085
702069127,N & S BRADY PROPERTY PTY LTD,2026-09-04,Registered,Australian Proprietary Company,SOUTH MELBOURNE,VIC,3205
702069181,AEAYAX3 PTY LTD,2026-09-04,Registered,Australian Proprietary Company,SUBIACO,WA,6008
702069207,BJZ PROPERTY GROUP PTY LTD,2026-09-04,Registered,Australian Proprietary Company,FITZROY NORTH,VIC,3068
702069243,OWO NOMINEES PTY LTD,2026-09-04,Registered,Australian Proprietary Company,GLEBE,NSW,2037
702069305,GUNTER PSYCHOLOGY PTY LTD,2026-09-04,Registered,Australian Proprietary Company,KEWARRA BEACH,QLD,4879
702069323,HOUSE OF POPES TRADING PTY LTD,2026-09-04,Registered,Australian Proprietary Company,FRASER RISE,VIC,3336
702069341,SCOTT ELLARD PTY LTD,2026-09-04,Registered,Australian Proprietary Company,KELLYVILLE,NSW,2155
702069421,FRANCINE HOO PTY LTD,2026-09-04,Registered,Australian Proprietary Company,WHITE BEACH,TAS,7184
702069449,JAMES D EVANS & ASSOCIATES PTY LTD,2026-09-04,Registered,Australian Proprietary Company,GULFVIEW HEIGHTS,SA,5096
702069609,BRIGHT MINDZ PTY LTD,2026-09-04,Registered,Australian Proprietary Company,POINT COOK,VIC,3030
702069627,GROUNDSWELL HOLDCO PTY LTD,2026-09-04,Registered,Australian Proprietary Company,NEWCASTLE WEST,NSW,2302
702069681,AERIE INVESTMENT MANAGEMENT PTY LTD,2026-09-04,Registered,Australian Proprietary Company,NEWCASTLE,NSW,2300
702069707,E AND E GROUP NSW PTY LTD,2026-09-04,Registered,Australian Proprietary Company,WAKELEY,NSW,2176
702069725,DEEPCITE LABS PTY LTD,2026-09-04,Registered,Australian Proprietary Company,AIRPORT WEST,VIC,3042
702069789,THREESIXTY ADVISERS PTY LTD,2026-09-04,Registered,Australian Proprietary Company,FORSTER,NSW,2428
702069805,OVATION BY DOLTONE PTY LTD,2026-09-04,Registered,Australian Proprietary Company,SYDNEY,NSW,2000
702069921,THE BOWER FAMILY CAPITAL PTY LTD,2026-09-04,Registered,Australian Proprietary Company,BROADBEACH WATERS,QLD,4218
702070022,BUSTER VENTURES PTY LTD,2026-09-04,Registered,Australian Proprietary Company,TURRAMURRA,NSW,2074
702070246,KJD ADVISORY GROUP PTY LTD,2026-09-04,Registered,Australian Proprietary Company,SUTHERLAND,NSW,2232
702070264,VENTECH QLD PTY LTD,2026-09-04,Registered,Australian Proprietary Company,SHEPPARTON,VIC,3630
702070282,WORKWEAR DISCOUNTS FRANCHISING PTY LTD,2026-09-04,Registered,Australian Proprietary Company,TOOWOOMBA,QLD,4350
702070344,QLD INTERIOR PLASTERING PTY LTD,2026-09-04,Registered,Australian Proprietary Company,KINGSTON,QLD,4114
702070362,EVEREST NEPALI KITCHEN PTY LTD,2026-09-04,Registered,Australian Proprietary Company,BURPENGARY,QLD,4505
702070442,BLUE LAKE TRANSPORT AND LOGISTIC PTY LTD,2026-09-04,Registered,Australian Proprietary Company,BUTE,SA,5560
702070522,TRAVEL COVER FINDER PTY LTD,2026-09-04,Registered,Australian Proprietary Company,PERTH,WA,6000
702070782,TESS NT HOLDINGS PTY LTD,2026-09-04,Registered,Australian Proprietary Company,ADELAIDE,SA,5000
702070826,ANAVERA AGED CARE SERVICES PTY LTD,2026-09-04,Registered,Australian Proprietary Company,WEST PERTH,WA,6005
702070862,MFR FUND PTY LTD,2026-09-04,Registered,Australian Proprietary Company,MELBOURNE,VIC,3000
702070924,RSJ FAMILY GROUP PTY LTD,2026-09-04,Registered,Australian Proprietary Company,HEDDON GRETA,NSW,2321
702071029,BGJ BUILD & DEVELOP PTY LTD,2026-09-04,Registered,Australian Proprietary Company,HARRISDALE,WA,6112
702071127,TFC HOLDINGS AUSTRALIA PTY LTD,2026-09-04,Registered,Australian Proprietary Company,AUBURN,NSW,2144
702071145,RAM OVERSIZE SERVICES PTY LTD,2026-09-04,Registered,Australian Proprietary Company,JOLIMONT,WA,6014
702071163,LIBRA TECHNOLOGIES PTY LTD,2026-09-04,Registered,Australian Proprietary Company,KEWDALE,WA,6105
702071181,IN TUNE ENVIRONMENTAL PTY LTD,2026-09-04,Registered,Australian Proprietary Company,WEST FOOTSCRAY,VIC,3012
702071289,MK FENCING CO PTY LTD,2026-09-04,Registered,Australian Proprietary Company,UNLEY,SA,5061
702071403,THE LAB EDIT PTY LTD,2026-09-04,Registered,Australian Proprietary Company,DONCASTER,VIC,3108
702071547,GRABBITY PTY LTD,2026-09-04,Registered,Australian Proprietary Company,CHATSWOOD,NSW,2067
702071583,SOLEIL LASER PTY LTD,2026-09-04,Registered,Australian Proprietary Company,HINDMARSH,SA,5007
702071609,THE ORTHO EDIT PTY LTD,2026-09-04,Registered,Australian Proprietary Company,DONCASTER,VIC,3108
702071707,STAVES INVESTMENTS PTY LTD,2026-09-04,Registered,Australian Proprietary Company,OAK PARK,VIC,3046
702071823,THE CLEAR HAUS PTY LTD,2026-09-04,Registered,Australian Proprietary Company,DONCASTER,VIC,3108
702071869,MOVELAB HEALTH PTY LTD,2026-09-04,Registered,Australian Proprietary Company,PORTLAND,VIC,3305
702071887,SHALOM CARE SUPPORT SERVICE PTY LTD,2026-09-04,Registered,Australian Proprietary Company,TARNEIT,VIC,3029
702071921,ANS STRUCTURAL ENGINEERS PTY LTD,2026-09-04,Registered,Australian Proprietary Company,ENFIELD,SA,5085
702071949,AD FREIGHT PTY LTD,2026-09-04,Registered,Australian Proprietary Company,ZETLAND,NSW,2017
702072008,SAMX FOUNDATION PTY LTD,2026-09-04,Registered,Australian Proprietary Company,TRUGANINA,VIC,3029
702072204,SIMAR PANNU PTY LTD,2026-09-04,Registered,Australian Proprietary Company,WELLARD,WA,6170
702072320,JHL HOLDINGS GROUP PTY LTD,2026-09-04,Registered,Australian Proprietary Company,MACKAY SOUTH,QLD,4740
702072366,SUNSITE CONSTRUCTION PTY LTD,2026-09-04,Registered,Australian Proprietary Company,LYTTON,QLD,4178
702072384,FIRST MOBILE MECHANIC PTY LTD,2026-09-04,Registered,Australian Proprietary Company,LYNBROOK,VIC,3975
702072428,GOKYO RI (WATTLE PEAK) HOLDINGS PTY LTD,2026-09-04,Registered,Australian Proprietary Company,OFFICER,VIC,3809
702072508,JJ HOLDING GROUP PTY LTD,2026-09-04,Registered,Australian Proprietary Company,DULWICH HILL,NSW,2203
702072544,NEWCOMMS AI PTY LTD,2026-09-04,Registered,Australian Proprietary Company,SYDNEY,NSW,2000
702072580,AS DM GARNER PROPERTY PTY LTD,2026-09-04,Registered,Australian Proprietary Company,PENRITH,NSW,2750
702072642,ADAMINABY 2D PROJECT PTY LTD,2026-09-04,Registered,Australian Proprietary Company,CANBERRA,ACT,2601
702072802,ESSENTIAL GROUP SERVICES PTY LTD,2026-09-04,Registered,Australian Proprietary Company,MACQUARIE FIELDS,NSW,2564
702072866,AUKO ENTERPRISES PTY LTD,2026-09-07,Registered,Australian Proprietary Company,INNALOO,WA,6018
702072884,UNITED BUILD CONSTRUCTION PTY LTD,2026-09-04,Registered,Australian Proprietary Company,CRAIGIEBURN,VIC,3064
702072900,KHAYRAT SUPER PTY LTD,2026-09-04,Registered,Australian Proprietary Company,LIDCOMBE,NSW,2141
702072928,BARBER DISTRICT MACARTHUR PTY LTD,2026-09-04,Registered,Australian Proprietary Company,BRIGHTON-LE-SANDS,NSW,2216
702072946,KAWA GROUP PTY LTD,2026-09-04,Registered,Australian Proprietary Company,INNISFAIL ESTATE,QLD,4860
702073005,KEBABJI PTY LTD,2026-09-04,Registered,Australian Proprietary Company,EAST MAITLAND,NSW,2323
702073087,GOLD SPORTS MEDICINE SPECIALISTS PTY LTD,2026-09-04,Registered,Australian Proprietary Company,KENT TOWN,SA,5067
702073149,SAFE T SOLUTIONS PTY LTD,2026-09-04,Registered,Australian Proprietary Company,MELBOURNE,VIC,3000
702073185,LEDO AUTOMOTIVE PTY LTD,2026-09-04,Registered,Australian Proprietary Company,VERMONT,VIC,3133
702073201,BARBER DISTRICT MAC LEASING PTY LTD,2026-09-04,Registered,Australian Proprietary Company,BRIGHTON-LE-SANDS,NSW,2216
702073229,BROOKWATER FAMILY DENTAL PTY LTD,2026-09-04,Registered,Australian Proprietary Company,BRISBANE CITY,QLD,4000
702073265,JD AUSTRALIAN COMPANY PTY LTD,2026-09-04,Registered,Australian Proprietary Company,ROYAL PARK,SA,5014
702073283,JD KINGDOM GROUP PTY LTD,2026-09-04,Registered,Australian Proprietary Company,WANTIRNA SOUTH,VIC,3152
702073461,MULLEN SM SUPERFUND PTY LTD,2026-09-04,Registered,Australian Proprietary Company,ORAN PARK,NSW,2570
702073523,MINA AND LEAH HOLDINGS PTY LTD,2026-09-04,Registered,Australian Proprietary Company,ERSKINE PARK,NSW,2759
702073541,ORA BANDA MINING SERVICES PTY LTD,2026-09-04,Registered,Australian Proprietary Company,SUBIACO,WA,6008
702073621,KDB GROUP PTY LTD,2026-09-04,Registered,Australian Proprietary Company,ROCKINGHAM,WA,6168
702073747,JD SUPPLIERS (QLD) PTY LTD,2026-09-04,Registered,Australian Proprietary Company,NORTH LAKES,QLD,4509
702073765,KEOZ DIGITAL PTY LTD,2026-09-07,Registered,Australian Proprietary Company,BRIGHTON EAST,VIC,3187
702073907,N&S WAR GROUP PTY LTD,2026-09-04,Registered,Australian Proprietary Company,ROCKDALE,NSW,2216
702073925,EC LINKS PTY LTD,2026-09-04,Registered,Australian Proprietary Company,SPRINGVALE SOUTH,VIC,3172
702074002,S H CHOI MANAGEMENT PTY LTD,2026-09-04,Registered,Australian Proprietary Company,NEWINGTON,NSW,2127
702074100,IZ BUILDING SOLUTIONS PTY LTD,2026-09-04,Registered,Australian Proprietary Company,MORLEY,WA,6062
702074146,AUS PREMIUM PROTEINS PTY LTD,2026-09-04,Registered,Australian Proprietary Company,MOOREBANK,NSW,2170
702074182,LARS SUPERANNUATION PTY LTD,2026-09-04,Registered,Australian Proprietary Company,MOLONG,NSW,2866
702074226,P & L HUNTINGTON SUPER PTY LTD,2026-09-04,Registered,Australian Proprietary Company,PENSHURST,NSW,2222
702074244,CAVORA CONSTRUCTION PTY LTD,2026-09-04,Registered,Australian Proprietary Company,EPPING,VIC,3076
702074262,GANGASANDRA PROPERTY PTY LTD,2026-09-04,Registered,Australian Proprietary Company,CLEAR ISLAND WATERS,QLD,4226
702074280,11 HOMINGTON RD ELIZABETH NORTH PTY LTD,2026-09-07,Registered,Australian Proprietary Company,ADELAIDE,SA,5000
702074520,KUBAAIR PTY LTD,2026-09-07,Registered,Australian Proprietary Company,POINT COOK,VIC,3030
702074566,KJ BAILEY SUPER PTY LTD,2026-09-04,Registered,Australian Proprietary Company,MELBOURNE,VIC,3000
702074762,ZN PAINTING PTY LTD,2026-09-04,Registered,Australian Proprietary Company,WOODRIDGE,QLD,4114
702074780,TINY GIGGLES EARLY LEARING CENTRE PTY LTD,2026-09-04,Registered,Australian Proprietary Company,COLEBEE,NSW,2761
702074842,AVG SUPER FUND PTY LTD,2026-09-04,Registered,Australian Proprietary Company,MELBOURNE,VIC,3000
702074922,PERTH METRO TRAILERS PTY LTD,2026-09-04,Registered,Australian Proprietary Company,MADDINGTON,WA,6109
702074940,RESHED FAMILY SMSF PTY. LTD.,2026-09-04,Registered,Australian Proprietary Company,ROCKLEA,QLD,4106
702075045,ORYN CARE SERVICES PTY LTD,2026-09-04,Registered,Australian Proprietary Company,FRASER RISE,VIC,3336
702075189,GREENLIST HOLDINGS PTY LTD,2026-09-04,Registered,Australian Proprietary Company,CANNING VALE,WA,6155
702075241,JA BUILDING SERVICVES PTY LTD,2026-09-04,Registered,Australian Proprietary Company,GREENACRE,NSW,2190
702075303,MUVAST PTY LTD,2026-09-07,Registered,Australian Proprietary Company,FLYNN,ACT,2615
702075367,L&M GROUP SERVICES PTY LTD,2026-09-04,Registered,Australian Proprietary Company,LOGANHOLME,QLD,4129
702075401,WOLO TRAVEL AUSTRALIA PTY LTD,2026-09-04,Registered,Australian Proprietary Company,NORTH LAKES,QLD,4509
702075447,AU STEEL STAIRS PTY LTD,2026-09-04,Registered,Australian Proprietary Company,CLYDE NORTH,VIC,3978
702075465,VIVA ENGINEERING & CONSULTANTS PTY LTD,2026-09-04,Registered,Australian Proprietary Company,ST CLAIR,NSW,2759
702075563,ANCHOR POWER SOLUTIONS PTY LTD,2026-09-07,Registered,Australian Proprietary Company,WARWICK,WA,6024
702075625,ARROW BUILDERS PTY LTD,2026-09-04,Registered,Australian Proprietary Company,ESSENDON,VIC,3040
702075689,STIER PROJECTS PTY LTD,2026-09-04,Registered,Australian Proprietary Company,INNALOO,WA,6018
702075849,THE HEADLAND GROUP AUSTRALIA PTY LTD,2026-09-04,Registered,Australian Proprietary Company,HIGHLAND PARK,QLD,4211
702076024,ICONIC INDIAN KEBABS PTY LTD,2026-09-04,Registered,Australian Proprietary Company,MARRICKVILLE,NSW,2204
702076060,LUCENT CREST PTY LTD,2026-09-08,Registered,Australian Proprietary Company,WILSON,WA,6107
702076140,NAV VIRK PTY LTD,2026-09-04,Registered,Australian Proprietary Company,THORNHILL PARK,VIC,3335
702076202,ST MARCOS FOR HEALTH SERVICES PTY LTD,2026-09-04,Registered,Australian Proprietary Company,LAKE HAVEN,NSW,2263
702076408,BSA ENVIROSAFE PTY LTD,2026-09-04,Registered,Australian Proprietary Company,ERAKALA,QLD,4740
702076480,GIUSEPPE INVESTMENTS PTY LTD,2026-09-04,Registered,Australian Proprietary Company,BROWNLOW HILL,NSW,2570
702076506,SUPPORT COLLECTIVE HOLDING CO PTY LTD,2026-09-04,Registered,Australian Proprietary Company,MULGRAVE,VIC,3170
702076524,EVALIS LONGEVITY PTY LTD,2026-09-04,Registered,Australian Proprietary Company,NARRABUNDAH,ACT,2604
702076686,CHOICE & CARE CO PTY LTD,2026-09-04,Registered,Australian Proprietary Company,UPPER MOUNT GRAVATT,QLD,4122
702076800,LYN'S KITCHEN PTY LTD,2026-09-04,Registered,Australian Proprietary Company,RUTHERFORD,NSW,2320
702076828,DARREN NELSON PTY LTD,2026-09-04,Registered,Australian Proprietary Company,PORT MACQUARIE,NSW,2444
702076882,KHARANGAR PTY LTD,2026-09-04,Registered,Australian Proprietary Company,TRUGANINA,VIC,3029
702077085,THE PADEL GARDEN PTY LTD,2026-09-04,Registered,Australian Proprietary Company,SUNNYBANK,QLD,4109
702077101,A.C.N. 702 077 101 PTY LTD,2026-09-04,Registered,Australian Proprietary Company,WOLLERT,VIC,3750
702077165,APEX PHARMACY PTY LTD,2026-09-04,Registered,Australian Proprietary Company,CARINGBAH,NSW,2229
702077281,MEHTA KANDHARI GROUP PTY LTD,2026-09-04,Registered,Australian Proprietary Company,BERWICK,VIC,3806
702077405,PODIUM MARTIAL ARTS PTY LTD,2026-09-04,Registered,Australian Proprietary Company,DAKABIN,QLD,4503
702077423,AUSTRALIAN COMPARE PTY LTD,2026-09-04,Registered,Australian Proprietary Company,CLYDE NORTH,VIC,3978
702077549,TIME & GOLD AUS PTY LTD,2026-09-04,Registered,Australian Proprietary Company,LIVERPOOL,NSW,2170
702077683,CAMILLERI EXCAVATIONS PTY LTD,2026-09-04,Registered,Australian Proprietary Company,HORSLEY PARK,NSW,2175
702077825,MELA AUTO GROUP PTY LTD,2026-09-04,Registered,Australian Proprietary Company,EAST CANNINGTON,WA,6107
702077889,AS ONE REALTY PTY LTD,2026-09-04,Registered,Australian Proprietary Company,POINT COOK,VIC,3030
702077905,STERLING ENERGY GROUP PTY LTD,2026-09-04,Registered,Australian Proprietary Company,CARLINGFORD,NSW,2118
702078180,BLACK DOLPHIN HOLDINGS PTY. LTD.,2026-09-07,Registered,Australian Proprietary Company,WEST BALLINA,NSW,2478
702078260,CELERO PTY LTD,2026-09-04,Registered,Australian Proprietary Company,CASTLE HILL,NSW,2154
702078402,DATUM ELECTRICAL AND COMMUNICATIONS PTY LTD,2026-09-04,Registered,Australian Proprietary Company,MOUNT PRITCHARD,NSW,2170
702078528,BLUEROUTE TRANSPORT PTY LTD,2026-09-04,Registered,Australian Proprietary Company,WANGARATTA,VIC,3677
702078662,DESTINY 84 PTY LTD,2026-09-04,Registered,Australian Proprietary Company,TALLAWONG,NSW,2762
702078804,PRAVAHA HOUSE PTY LTD,2026-09-04,Registered,Australian Proprietary Company,MACQUARIE FIELDS,NSW,2564
702078920,FOREFRONT ENGINGEERING SERVICES PTY LTD,2026-09-07,Registered,Australian Proprietary Company,LANE COVE NORTH,NSW,2066
702079285,MDV GLOBAL PTY LTD,2026-09-04,Registered,Australian Proprietary Company,BULLEEN,VIC,3105
702079383,ATG WEAR PTY LTD,2026-09-04,Registered,Australian Proprietary Company,PADDINGTON,QLD,4064
702079463,GUR DASHMESH TRANSPORT PTY LTD,2026-09-04,Registered,Australian Proprietary Company,ACACIA GARDENS,NSW,2763
702079507,THR1VE GROUP PTY LTD,2026-09-07,Registered,Australian Proprietary Company,WETHERILL PARK,NSW,2164
702079543,HARNAV EXPRESS PTY LTD,2026-09-04,Registered,Australian Proprietary Company,WALLAN,VIC,3756
702079703,ANBIN HOSPITALITY PTY LTD,2026-09-04,Registered,Australian Proprietary Company,IVANHOE,VIC,3079
702079767,TOMBWARD PTY LTD,2026-09-07,Registered,Australian Proprietary Company,BELMONT,WA,6104
702079865,LAND LISTINGS PTY LTD,2026-09-04,Registered,Australian Proprietary Company,BURLEIGH WATERS,QLD,4220
702080028,ZENTORA INVESTMENT PTY LTD,2026-09-04,Registered,Australian Proprietary Company,WILEY PARK,NSW,2195
702080064,AKS GROUP COOPERATION PTY LTD,2026-09-04,Registered,Australian Proprietary Company,HOPPERS CROSSING,VIC,3029
702080144,VANKAYALA SUPER PTY LTD,2026-09-04,Registered,Australian Proprietary Company,WILLETTON,WA,6155
702080224,SIMON PETER HOLDINGS PTY LTD,2026-09-04,Registered,Australian Proprietary Company,CAMPSIE,NSW,2194
702080288,ZRAN PTY LTD,2026-09-04,Registered,Australian Proprietary Company,AUBURN,NSW,2144
702080304,JTSAI SUPER PTY LTD,2026-09-07,Registered,Australian Proprietary Company,BRISBANE CITY,QLD,4000
702080340,SA GROUP CANBERRA PTY LTD,2026-09-04,Registered,Australian Proprietary Company,QUEANBEYAN EAST,NSW,2620
702080564,HAB SUNFARM PTY LTD,2026-09-04,Registered,Australian Proprietary Company,GREYSTANES,NSW,2145
702080680,PIING QUEENSLAND CO PTY LTD,2026-09-04,Registered,Australian Proprietary Company,CLAYTON,VIC,3168
702080724,EASYDRIVE RENTALS PTY LTD,2026-09-07,Registered,Australian Proprietary Company,CORIO,VIC,3214
702080868,HM&F SERVICES PTY LTD.,2026-09-04,Registered,Australian Proprietary Company,SMYTHES CREEK,VIC,3351
702080920,YASIN LAW ASSOCIATES PTY LTD,2026-09-04,Registered,Australian Proprietary Company,DONNYBROOK,VIC,3064
702081007,VAIKUNTH CONSULTING PTY LTD,2026-09-04,Registered,Australian Proprietary Company,CRAIGIEBURN,VIC,3064
702081089,ALEVA GROUP PTY LTD,2026-09-04,Registered,Australian Proprietary Company,MERRYLANDS,NSW,2160
702081105,COTSCRETE PTY LTD,2026-09-07,Registered,Australian Proprietary Company,KARRINYUP,WA,6018
702081141,DP AND JP SMSF PTY LTD,2026-09-04,Registered,Australian Proprietary Company,WERRIBEE,VIC,3030
702081249,WHETSTONE STUDIOS PTY LTD,2026-09-04,Registered,Australian Proprietary Company,KENMORE,QLD,4069
702081767,JOHNSTON & PARTNERS SENIOR REAL ESTATE DEBT FUND PTY LTD,2026-09-05,Registered,Australian Proprietary Company,BRISBANE CITY,QLD,4000
702081801,DABIR PROJECTS PTY LTD,2026-09-05,Registered,Australian Proprietary Company,MERRYLANDS,NSW,2160
702081847,TELS COMPLEX CARE PTY LTD,2026-09-05,Registered,Australian Proprietary Company,WILSONTON,QLD,4350
702081981,JOHNSTON & PARTNERS COMMON REAL ESTATE EQUITY FUND PTY LTD,2026-09-05,Registered,Australian Proprietary Company,BRISBANE CITY,QLD,4000
702082086,EGYVEN PTY LTD,2026-09-07,Registered,Australian Proprietary Company,THORNBURY,VIC,3071
702082166,DME CIVIL PTY LTD,2026-09-05,Registered,Australian Proprietary Company,BOSSLEY PARK,NSW,2176
702082264,GUARDIAN GATE PTY LTD,2026-09-05,Registered,Australian Proprietary Company,GLENROY,VIC,3046
702082442,MHD TECH PTY LTD,2026-09-05,Registered,Australian Proprietary Company,DUTTON PARK,QLD,4102
702082586,SILL PTY LTD,2026-09-05,Registered,Australian Proprietary Company,SYDNEY,NSW,2000
702082746,WEST HARBOR PTY LTD,2026-09-05,Registered,Australian Proprietary Company,PYRMONT,NSW,2009
702082844,COASTAL TRADE PTY LTD,2026-09-05,Registered,Australian Proprietary Company,PYRMONT,NSW,2009
702082960,NOVA HUB PTY LTD,2026-09-05,Registered,Australian Proprietary Company,MELBOURNE,VIC,3004
702083065,STUDSET INTERIORS PTY LTD,2026-09-07,Registered,Australian Proprietary Company,HARRISDALE,WA,6112
702083109,LUMIRO PTY LTD,2026-09-05,Registered,Australian Proprietary Company,MELBOURNE,VIC,3000
702083421,SUMMIT WORLD LOGISTICS PTY LTD,2026-09-05,Registered,Australian Proprietary Company,SOUTH BRISBANE,QLD,4101
702083501,BALLINA WHARF BAR AND RESTAURANT PTY LTD,2026-09-05,Registered,Australian Proprietary Company,NORTH RYDE,NSW,2113
702083663,LAND SALES (AUST) PTY LTD,2026-09-05,Registered,Australian Proprietary Company,BURLEIGH WATERS,QLD,4220
702084106,BLUE LION PROPERTY SERVICES PTY LTD,2026-09-05,Registered,Australian Proprietary Company,PITT TOWN,NSW,2756
702084160,A CLASS HOLDCO PTY LTD,2026-09-07,Registered,Australian Proprietary Company,MELBOURNE,VIC,3000
702084188,SAE MEDIA PTY LTD,2026-09-05,Registered,Australian Proprietary Company,NEWSTEAD,TAS,7250
702084222,MMC CIVIL CONSTRUCTION PTY LTD,2026-09-05,Registered,Australian Proprietary Company,EASTLAKES,NSW,2018
702084286,BAAZ RANDHAWA PTY LTD,2026-09-05,Registered,Australian Proprietary Company,WATERFORD,QLD,4133
702084302,D FORCE LOGISTICS PTY LTD,2026-09-05,Registered,Australian Proprietary Company,ROCHEDALE SOUTH,QLD,4123
702084320,N ARANHA INVESTMENTS PTY LTD,2026-09-05,Registered,Australian Proprietary Company,IDALIA,QLD,4811
702084400,CHEEMA GLOBAL GROUP PTY LTD,2026-09-05,Registered,Australian Proprietary Company,CLYDE,VIC,3978
702084464,KOALA CHILDCARE HAMILTON PTY LTD,2026-09-05,Registered,Australian Proprietary Company,GLEN IRIS,VIC,3146
702084642,PRESTIGE ASSET HIRE PTY LTD,2026-09-05,Registered,Australian Proprietary Company,SEBASTOPOL,VIC,3356
702084928,NINDERRY CAPITAL PTY LTD,2026-09-05,Registered,Australian Proprietary Company,POINT COOK,VIC,3030
702084946,MOOIWEER PTY LTD,2026-09-07,Registered,Australian Proprietary Company,JOONDALUP,WA,6027
702085087,MAROOCHY POINT HOLDINGS PTY LTD,2026-09-05,Registered,Australian Proprietary Company,POINT COOK,VIC,3030
702085201,SIENNA MEDICAL PTY LTD,2026-09-05,Registered,Australian Proprietary Company,RIPLEY,QLD,4306
702085443,GSMC CIVILS PTY LTD,2026-09-05,Registered,Australian Proprietary Company,DIANELLA,WA,6059
702085505,INFINITI WEALTH FINANCIAL SERVICES PTY LTD,2026-09-05,Registered,Australian Proprietary Company,IDALIA,QLD,4811
702085569,BUITENDAG INVESTMENTS PTY LTD,2026-09-05,Registered,Australian Proprietary Company,JOONDALUP,WA,6027
702085621,SCREENLY PTY LTD,2026-09-05,Registered,Australian Proprietary Company,CEDAR CREEK,QLD,4207
702085809,RUNE PROVISIONS PTY LTD,2026-09-07,Registered,Australian Proprietary Company,HELENSBURGH,NSW,2508
702085845,R & A DEUSSEN PTY LTD,2026-09-05,Registered,Australian Proprietary Company,GRANGE,SA,5022
702085881,3 ACE PROPERTY HOLDINGS PTY LTD,2026-09-05,Registered,Australian Proprietary Company,SPRINGFIELD LAKES,QLD,4300
702086020,ZAMAN ALI PTY LTD,2026-09-05,Registered,Australian Proprietary Company,HAMPTON PARK,VIC,3976
702086146,MWL CORPORATION PTY LTD,2026-09-05,Registered,Australian Proprietary Company,HILLMAN,WA,6168
702086744,BLACKSTONE PROTECTIVE SERVICE PTY LTD,2026-09-05,Registered,Australian Proprietary Company,HORNSBY,NSW,2077
702086824,SUMMITSTONE CAPITAL PTY LTD,2026-09-05,Registered,Australian Proprietary Company,ULTIMO,NSW,2007
702087027,JJ COMMERCIAL PTY LTD,2026-09-05,Registered,Australian Proprietary Company,GOOGONG,NSW,2620
702087063,ECOVEX GROUP PTY LTD,2026-09-07,Registered,Australian Proprietary Company,ST MARYS,SA,5042
702087081,DMB CAPITAL RESERVE PTY LTD,2026-09-05,Registered,Australian Proprietary Company,NORTH FREMANTLE,WA,6159
702087125,ANASTA APPAREL PTY LIMITED,2026-09-05,Registered,Australian Proprietary Company,BLAKEHURST,NSW,2221
702087189,BOWAISH PTY LTD,2026-09-07,Registered,Australian Proprietary Company,AUSTRAL,NSW,2179
702087321,KENDY TRADING PTY LTD,2026-09-05,Registered,Australian Proprietary Company,SPRINGVALE SOUTH,VIC,3172
702087563,PUFFIN SKINCARE PTY LTD,2026-09-07,Registered,Australian Proprietary Company,MACQUARIE FIELDS,NSW,2564
702087607,SSPG PTY LIMITED,2026-09-05,Registered,Australian Proprietary Company,ISABELLA PLAINS,ACT,2905
702087769,BUMRAH LOGISTICS PTY LTD,2026-09-05,Registered,Australian Proprietary Company,MICKLEHAM,VIC,3064
702087849,LUCKY INSIGHTS PTY LTD,2026-09-05,Registered,Australian Proprietary Company,CHERRYBROOK,NSW,2126
702088006,MATCHDAY ENTERTAINMENT PTY LTD,2026-09-05,Registered,Australian Proprietary Company,TWEED HEADS,NSW,2485
702088042,OPEN HEART DISABILITY SERVICES PROPRIETARY LTD.,2026-09-05,Registered,Australian Proprietary Company,BROOKWATER,QLD,4300
702088104,BOOM CRICKET PTY LTD,2026-09-05,Registered,Australian Proprietary Company,VERMONT SOUTH,VIC,3133
702088140,FEIZ VENTURES PTY LTD,2026-09-05,Registered,Australian Proprietary Company,BOORAGOON,WA,6154
702088168,CONNEX INFORMATION TECHNOLOGIES (AUSTRALIA) PTY LTD,2026-09-05,Registered,Australian Proprietary Company,NORTH RYDE,NSW,2113
702088300,FLOW TECHNOLOGY PTY LTD,2026-09-05,Registered,Australian Proprietary Company,HAYMARKET,NSW,2000
702088444,SRI SUNSHINE PTY LTD,2026-09-05,Registered,Australian Proprietary Company,TARNEIT,VIC,3029
702088668,DOAD & FAMILY PTY LTD,2026-09-05,Registered,Australian Proprietary Company,BALDIVIS,WA,6171
702088944,ZEDGIE PTY LTD,2026-09-07,Registered,Australian Proprietary Company,ROTHWELL,QLD,4022
702089021,NAVSCORA PTY LTD,2026-09-07,Registered,Australian Proprietary Company,CHERMSIDE WEST,QLD,4032
702089049,SHERWOOD PETROLEUM PTY LTD,2026-09-05,Registered,Australian Proprietary Company,LOGAN RESERVE,QLD,4133
702089227,SHAHZ BUILDING & CONSTRUCTION PTY LTD,2026-09-05,Registered,Australian Proprietary Company,CRAIGIEBURN,VIC,3064
702089307,BHINDER ROADLINE TRANSPORT PTY LTD,2026-09-05,Registered,Australian Proprietary Company,WYNDHAM VALE,VIC,3024
702089441,INTELERGISE PTY LTD,2026-09-07,Registered,Australian Proprietary Company,DOREEN,VIC,3754
702089487,LAW FIRM RANKINGS PTY LTD,2026-09-05,Registered,Australian Proprietary Company,CAROLINE SPRINGS,VIC,3023
702089601,MODERN REFURBISHMENT SERVICES PTY LTD,2026-09-05,Registered,Australian Proprietary Company,NARRE WARREN,VIC,3805
702089683,MANDER SERVICES PTY LTD,2026-09-05,Registered,Australian Proprietary Company,TRUGANINA,VIC,3029
702089727,MILETO CARPENTERY SERVICES PTY LTD,2026-09-05,Registered,Australian Proprietary Company,PRESTONS,NSW,2170
702089905,THORNEMARK PTY. LTD.,2026-09-07,Registered,Australian Proprietary Company,MOOLOOLAH VALLEY,QLD,4553
702089941,RAY TRUCK SERVICES AND PARTS PTY LTD,2026-09-05,Registered,Australian Proprietary Company,SMITHFIELD,NSW,2164
702090088,INNOVYTE GROUP PTY LTD,2026-09-07,Registered,Australian Proprietary Company,MITCHELL PARK,SA,5043
702090168,LIST HOUZE PTY LTD,2026-09-07,Registered,Australian Proprietary Company,THE PONDS,NSW,2769
702090382,SANJAY SAVITA JAIN HOLDINGS PTY LTD,2026-09-05,Registered,Australian Proprietary Company,GREENBANK,QLD,4124
702090588,VIRASAT & CO. PTY LTD,2026-09-05,Registered,Australian Proprietary Company,CLYDE,VIC,3978
702090908,SR HOME INSULATION PTY LTD,2026-09-05,Registered,Australian Proprietary Company,TARNEIT,VIC,3029
702091021,BB IP HOLDING CO PTY LTD,2026-09-05,Registered,Australian Proprietary Company,YARRA JUNCTION,VIC,3797
702091227,AI ELECTRICAL AND AIR-CONDITIONING PTY LTD,2026-09-05,Registered,Australian Proprietary Company,BUNDOORA,VIC,3083
702091263,AUS TECHNOVA PTY LTD,2026-09-05,Registered,Australian Proprietary Company,PARRAMATTA,NSW,2150
702091361,THE AUTOBOTS SUPER FUND PTY LTD,2026-09-05,Registered,Australian Proprietary Company,NIDDRIE,VIC,3042
702091405,BEROM FURNITURE PTY LTD,2026-09-07,Registered,Australian Proprietary Company,BULLEEN,VIC,3105
702091601,I CAN'T TALK ABOUT IT PTY LTD,2026-09-05,Registered,Australian Proprietary Company,HUNTERS HILL,NSW,2110
702091861,STURGEON PROPERTY GROUP PTY LTD,2026-09-05,Registered,Australian Proprietary Company,BALD HILLS,QLD,4036
702091923,BLAIKY PTY. LTD.,2026-09-07,Registered,Australian Proprietary Company,BARGARA,QLD,4670
702092206,HEXIS GROUP PTY LTD,2026-09-05,Registered,Australian Proprietary Company,NEWTOWN,VIC,3220
702092224,GILLCO TRANSPORT PTY LTD,2026-09-05,Registered,Australian Proprietary Company,BECKENHAM,WA,6107
702092368,ACQUISITION PLAYBOOKS PTY LTD,2026-09-05,Registered,Australian Proprietary Company,BANORA POINT,NSW,2486
702092466,FOLA HEALTH PTY LTD,2026-09-05,Registered,Australian Proprietary Company,CLEAR ISLAND WATERS,QLD,4226
702092582,APEX HEALTH HUB PTY LTD,2026-09-05,Registered,Australian Proprietary Company,FAIRFIELD,NSW,2165
702092868,BEAVELY PTY LTD,2026-09-05,Registered,Australian Proprietary Company,SOUTHBANK,VIC,3006
702092902,UNLEASH YOUR GENIUS WITHIN PTY LTD,2026-09-05,Registered,Australian Proprietary Company,BUXTON,NSW,2571
702092966,WEMARK TECH PTY LTD,2026-09-05,Registered,Australian Proprietary Company,HIGHBURY,SA,5089
702092984,HADDOUSH PTY LTD,2026-09-07,Registered,Australian Proprietary Company,CAIRNLEA,VIC,3023
702093169,MPE HEALTH GROUP PTY LTD,2026-09-05,Registered,Australian Proprietary Company,INGLEBURN,NSW,2565
702093187,SS RAINA REMOVAL AND TRANSPORT PTY LTD,2026-09-05,Registered,Australian Proprietary Company,PIMPAMA,QLD,4209
702093285,NEW CONCEPT POWER PTY LTD,2026-09-05,Registered,Australian Proprietary Company,CAMPSIE,NSW,2194
702093383,PREMIUM ELITE SERVICES PTY LTD,2026-09-05,Registered,Australian Proprietary Company,LEPPINGTON,NSW,2179
702093623,KORA COMMUNITY SERVICES PTY LTD,2026-09-05,Registered,Australian Proprietary Company,LIVERPOOL,NSW,2170
702093767,CAT KINGDOM HOTEL & BOARDING PTY LTD,2026-09-05,Registered,Australian Proprietary Company,CLAYTON SOUTH,VIC,3169
702093865,S3V PTY LTD,2026-09-07,Registered,Australian Proprietary Company,BAULKHAM HILLS,NSW,2153
702093909,LIV & LEON COMICS AND COLLECTIBLES PTY LTD,2026-09-05,Registered,Australian Proprietary Company,ST CLAIR,NSW,2759
702094148,JAY GANESH ENTERPRISE PTY. LTD.,2026-09-06,Registered,Australian Proprietary Company,MOUNT DUNEED,VIC,3217
702094264,AI CLOUD PTY LTD,2026-09-06,Registered,Australian Proprietary Company,GREENVALE,VIC,3059
702094326,SHINEWELL DEVELOPMENT PTY LTD,2026-09-06,Registered,Australian Proprietary Company,SYDNEY,NSW,2000
702094764,TECHNICAL SERVICE & SOLUTIONS PTY LTD,2026-09-06,Registered,Australian Proprietary Company,PIMPAMA,QLD,4209
702094844,TIVORAH PTY LTD,2026-09-07,Registered,Australian Proprietary Company,PARAFIELD GARDENS,SA,5107
702095047,THE COOKIEE CLUB PTY LTD,2026-09-06,Registered,Australian Proprietary Company,MALVERN EAST,VIC,3145
702095109,BARBER ZONE MANOR LAKES VIC PTY LTD,2026-09-06,Registered,Australian Proprietary Company,FRASER RISE,VIC,3336
702095181,ALIALI BROTHERS PTY LTD,2026-09-06,Registered,Australian Proprietary Company,GLENORCHY,TAS,7010
702095225,VAGERAKAS INVESTMENTS 2 PTY LTD,2026-09-06,Registered,Australian Proprietary Company,BLAKEHURST,NSW,2221
702095387,AVENZA ADVISORY PTY LTD,2026-09-06,Registered,Australian Proprietary Company,PARK HOLME,SA,5043
702095403,CITY WIDE ROOFING (NSW) PTY LTD,2026-09-07,Registered,Australian Proprietary Company,ELDERSLIE,NSW,2570
702095529,RELUX PROPERTY GROUP PTY LTD,2026-09-06,Registered,Australian Proprietary Company,SUNNYBANK,QLD,4109
702095583,CARGOVISTA LOGISTICS PTY LTD,2026-09-07,Registered,Australian Proprietary Company,SEVEN HILLS,NSW,2147
702095743,WATTSCOPE PTY LTD,2026-09-07,Registered,Australian Proprietary Company,KEYSBOROUGH,VIC,3173
702095805,WOODENBONG FUELS PTY LTD,2026-09-06,Registered,Australian Proprietary Company,BROOKWATER,QLD,4300
702095869,KEYSTONE SCAFFOLD PTY LTD,2026-09-06,Registered,Australian Proprietary Company,ROBINA,QLD,4226
702095921,BAY ISLANDS MARINE HIRE PTY LTD.,2026-09-06,Registered,Australian Proprietary Company,RUSSELL ISLAND,QLD,4184
702096080,LSR TRADERS PTY LTD,2026-09-06,Registered,Australian Proprietary Company,MADDINGTON,WA,6109
702096348,MAANAV SEAFOOD PTY LTD,2026-09-06,Registered,Australian Proprietary Company,CAMERON PARK,NSW,2285
702096366,AIVOLTAU PTY LTD,2026-09-07,Registered,Australian Proprietary Company,BELLA VISTA,NSW,2153
702096722,VIC TRACK PTY LTD,2026-09-06,Registered,Australian Proprietary Company,CLYDE NORTH,VIC,3978
702097005,CITELLO PTY LTD,2026-09-06,Registered,Australian Proprietary Company,PYRMONT,NSW,2009
702097087,WATTLECORE TECHNOLOGIES PTY LTD.,2026-09-07,Registered,Australian Proprietary Company,TARNEIT,VIC,3029
702097167,WORLDWIDE WEBSITES PTY LTD,2026-09-06,Registered,Australian Proprietary Company,COLLAROY PLATEAU,NSW,2097
702097363,JAFARI VENTURES PTY LTD,2026-09-06,Registered,Australian Proprietary Company,SALISBURY,SA,5108
702097541,NOW MODULAR IP PTY LTD,2026-09-06,Registered,Australian Proprietary Company,DEER VALE,NSW,2453
702097863,AFA TRADING SERVICES PTY. LTD.,2026-09-06,Registered,Australian Proprietary Company,TELOPEA,NSW,2117
702098020,ELITE SURFACE GROUP WATERPROOFING PTY. LTD.,2026-09-06,Registered,Australian Proprietary Company,CANLEY VALE,NSW,2166
702098280,WOODHOUSE STONEWORKS PTY LTD,2026-09-06,Registered,Australian Proprietary Company,NIRIMBA,QLD,4551
702098360,HAC GROUP PTY LTD,2026-09-06,Registered,Australian Proprietary Company,BERWICK,VIC,3806
702098422,STEADYFLOW PLUMBING SERVICES PTY LTD,2026-09-07,Registered,Australian Proprietary Company,SPRING FARM,NSW,2570
702098468,SHEPHERD TECHNOLOGIES PTY LTD,2026-09-06,Registered,Australian Proprietary Company,MONA VALE,NSW,2103
702098584,ACCOUNTING PATH PTY LTD,2026-09-06,Registered,Australian Proprietary Company,MANOR LAKES,VIC,3024
702098646,RED DESERT FENCING PTY LTD,2026-09-07,Registered,Australian Proprietary Company,KAMBALDA WEST,WA,6442
702098922,R & D WEALTH PTY LTD,2026-09-06,Registered,Australian Proprietary Company,CASTLE HILL,NSW,2154
702099625,CLJC AUSTRALIA PTY LTD.,2026-09-06,Registered,Australian Proprietary Company,CABOOLTURE SOUTH,QLD,4510
702099983,GREVILLE ROAD VETS PTY LTD,2026-09-06,Registered,Australian Proprietary Company,ROSANNA,VIC,3084
702100089,BBN ENTERPRISES PTY LTD,2026-09-07,Registered,Australian Proprietary Company,TARNEIT,VIC,3029
702100249,PREFRAUD PTY LTD,2026-09-07,Registered,Australian Proprietary Company,MANSFIELD,VIC,3722
702100285,A&I MASONRY PTY. LTD.,2026-09-06,Registered,Australian Proprietary Company,MOULDEN,NT,0830
702100347,MASTERKEY TECHNOLOGIES PTY LTD,2026-09-06,Registered,Australian Proprietary Company,TOORAK,VIC,3142
702100525,ALORIA PROJECTS PTY LTD.,2026-09-06,Registered,Australian Proprietary Company,WATSONS BAY,NSW,2030
702100687,E2V PTY. LTD.,2026-09-07,Registered,Australian Proprietary Company,MINCHINBURY,NSW,2770
702100785,AIRLEAD AU PTY LTD,2026-09-06,Registered,Australian Proprietary Company,BONDI JUNCTION,NSW,2022
702100883,BAILEY G INVESTMENT PTY LTD,2026-09-06,Registered,Australian Proprietary Company,COOGEE,WA,6166
702101086,IJ AUS CORP PTY LTD,2026-09-06,Registered,Australian Proprietary Company,NORTH BONDI,NSW,2026
702101488,PUREKEY CLEANING PTY LTD,2026-09-07,Registered,Australian Proprietary Company,SOUTH BRISBANE,QLD,4101
702101586,LAUH-O-QALAM PTY LTD,2026-09-07,Registered,Australian Proprietary Company,LIVERPOOL,NSW,2170
702101764,GOLDEN SEASON FILMS PTY LTD,2026-09-06,Registered,Australian Proprietary Company,BALWYN NORTH,VIC,3104
702101988,LB VENDING SOLUTIONS PTY LTD,2026-09-06,Registered,Australian Proprietary Company,COLLINGWOOD,VIC,3066
702102145,LOOT GOBLIN GAMES PTY LTD,2026-09-06,Registered,Australian Proprietary Company,MANSFIELD,QLD,4122
702102181,NUVION LABS PTY LTD,2026-09-07,Registered,Australian Proprietary Company,KINGS BEACH,QLD,4551
702102305,INDIOZ JUNCTION PTY LTD,2026-09-06,Registered,Australian Proprietary Company,TRUGANINA,VIC,3029
702102547,TAP AND KEEP PTY LTD,2026-09-07,Registered,Australian Proprietary Company,EAGLEBY,QLD,4207
702102583,FROST MODE TINTS PTY LTD,2026-09-07,Registered,Australian Proprietary Company,ROSTREVOR,SA,5073
702102645,COATWISE PAINTING & DECORATING PTY LTD,2026-09-06,Registered,Australian Proprietary Company,HOLT,ACT,2615
702102725,STANNARD PARTNERS PTY LTD,2026-09-06,Registered,Australian Proprietary Company,LILYFIELD,NSW,2040
702102761,MANNING GROUP ONE PTY LTD,2026-09-06,Registered,Australian Proprietary Company,SYDNEY,NSW,2000
702102805,JEDCO PTY LTD,2026-09-06,Registered,Australian Proprietary Company,WENTWORTH POINT,NSW,2127
702102903,AR EXPORTS AND IMPORTS PTY LTD,2026-09-06,Registered,Australian Proprietary Company,DONNYBROOK,VIC,3064
702103044,CHEER LAB PTY LTD,2026-09-06,Registered,Australian Proprietary Company,SALISBURY EAST,SA,5109
702103142,SPLITCHECK PTY LTD,2026-09-07,Registered,Australian Proprietary Company,OLD REYNELLA,SA,5161
702103348,JK CELLARS PTY LTD,2026-09-06,Registered,Australian Proprietary Company,CLYDE,VIC,3978
702103400,UR COMMERCIAL CLEANING PTY LTD,2026-09-06,Registered,Australian Proprietary Company,ST KILDA,VIC,3182
702103464,LEVEL SMSF PTY LTD,2026-09-06,Registered,Australian Proprietary Company,MOONEE PONDS,VIC,3039
702103508,GS BUILDFORCE INDUSTRIES PTY LTD,2026-09-06,Registered,Australian Proprietary Company,TRUGANINA,VIC,3029
702103526,GREENCASTLE CONSTRUCTION PTY LTD,2026-09-06,Registered,Australian Proprietary Company,MASCOT,NSW,2020
702103884,DIGITAL WORK WALLET PTY LTD,2026-09-06,Registered,Australian Proprietary Company,KATHERINE EAST,NT,0850
702103964,MOOSHOO AND THE 4 PACK PTY LTD,2026-09-06,Registered,Australian Proprietary Company,ERMINGTON,NSW,2115
702104041,BANNO TRANSPORT PTY LTD,2026-09-06,Registered,Australian Proprietary Company,PARK RIDGE,QLD,4125
702104381,TOPLODE GROUP PTY LTD,2026-09-07,Registered,Australian Proprietary Company,SUBIACO,WA,6008
702105262,DREWERS AUTOMOTIVE GROUP PTY LTD.,2026-09-06,Registered,Australian Proprietary Company,CRESWICK,VIC,3363
702105306,HARIKE TRANSPORT PTY LIMITED,2026-09-06,Registered,Australian Proprietary Company,HAMILTON,VIC,3300
702105342,M11 LOGISTICS PTY LTD.,2026-09-06,Registered,Australian Proprietary Company,BLACKTOWN,NSW,2148
702105548,MAZERA AUTO IMPORTS PTY LTD,2026-09-06,Registered,Australian Proprietary Company,BROADMEADOWS,VIC,3047
702105682,MANJIT GLOBAL TRADE PTY LTD,2026-09-06,Registered,Australian Proprietary Company,WERRIBEE,VIC,3030
702105806,INIZIO EARLY LEARNING PTY LTD,2026-09-06,Registered,Australian Proprietary Company,OATLANDS,NSW,2117
702105922,RISAMS PTY LTD,2026-09-06,Registered,Australian Proprietary Company,DONNYBROOK,VIC,3064
702106143,APERIS GLOBAL PTY LTD,2026-09-06,Registered,Australian Proprietary Company,MULGRAVE,VIC,3170
702106161,THANH TUTORING PTY LTD,2026-09-06,Registered,Australian Proprietary Company,DERRIMUT,VIC,3026
702106269,THE CURATED PLAY CO PTY. LTD.,2026-09-06,Registered,Australian Proprietary Company,PARMELIA,WA,6167
702106321,RISE AND SHINE FACILITY PTY LTD,2026-09-06,Registered,Australian Proprietary Company,STRATHFIELD,NSW,2135
702106563,UNITED WA PTY LTD,2026-09-06,Registered,Australian Proprietary Company,CAVERSHAM,WA,6055
702106689,ACACIA GREENACRE PTY LTD,2026-09-06,Registered,Australian Proprietary Company,GREENACRE,NSW,2190
702106769,TUNING IN TO KIDS PTY LTD,2026-09-06,Registered,Australian Proprietary Company,WOODEND,VIC,3442
702106947,OPENRAISE PTY LTD,2026-09-07,Registered,Australian Proprietary Company,GLEBE,NSW,2037
702106965,A.C.N. 702 106 965 PTY LTD,2026-09-06,Registered,Australian Proprietary Company,CRACE,ACT,2911
702107186,LEISURE LENS PTY LTD,2026-09-06,Registered,Australian Proprietary Company,WELSHPOOL,WA,6106
702107444,MODAME APP PTY LTD,2026-09-06,Registered,Australian Proprietary Company,TULLAMARINE,VIC,3043
702107506,ADAPT BRAZILIAN JIU JITSU PTY LTD,2026-09-06,Registered,Australian Proprietary Company,EGLINTON,WA,6034
702107748,SPEEDART SPORTS AUSTRALIA PTY LTD,2026-09-07,Registered,Australian Proprietary Company,SYDNEY,NSW,2000
702107800,PHASE HEALTH & PERFORMANCE PTY LTD,2026-09-07,Registered,Australian Proprietary Company,SYDNEY,NSW,2000
702107846,UY4X PTY LTD,2026-09-07,Registered,Australian Proprietary Company,WYONG,NSW,2259
702107980,SUZU MOTORS PTY LTD,2026-09-07,Registered,Australian Proprietary Company,THORNLIE,WA,6108
702108307,EAST COAST STRUCTURAL ENGINEERING CONSULTANT PTY LTD,2026-09-07,Registered,Australian Proprietary Company,DUNDAS,NSW,2117
702108781,COAKES CONSULTING HOLDINGS PTY LTD,2026-09-07,Registered,Australian Proprietary Company,MORPETH,NSW,2321
702108807,TASMAN CREST HOMES PTY LTD,2026-09-07,Registered,Australian Proprietary Company,DEVONPORT,TAS,7310
702108825,HURA GROUP PTY LTD,2026-09-07,Registered,Australian Proprietary Company,MOUNT WAVERLEY,VIC,3149
702108861,IKO SUSHI GROUP PTY LTD,2026-09-07,Registered,Australian Proprietary Company,BRADBURY,NSW,2560
702108941,JHJ CONSTRUCTION GROUP PTY LTD,2026-09-07,Registered,Australian Proprietary Company,EASTWOOD,NSW,2122
702109108,J WING HOLDINGS PTY LTD,2026-09-07,Registered,Australian Proprietary Company,BRISBANE CITY,QLD,4000
702109144,JMB CO PTY LTD,2026-09-07,Registered,Australian Proprietary Company,FORTITUDE VALLEY,QLD,4006
702109322,ALM SUPERANNUATION FUND 1 PTY LTD,2026-09-07,Registered,Australian Proprietary Company,BARDWELL VALLEY,NSW,2207
702109402,AD FUTURA PTY LTD,2026-09-07,Registered,Australian Proprietary Company,SYDNEY,NSW,2000
702109448,CALDERA TIMBER PTY LTD,2026-09-07,Registered,Australian Proprietary Company,SKINNERS SHOOT,NSW,2481
702109466,A & A BLOWES SUPER PTY LTD,2026-09-07,Registered,Australian Proprietary Company,ORANGE,NSW,2800
702109528,TORINO WARUZU PTY LTD,2026-09-07,Registered,Australian Proprietary Company,UMINA BEACH,NSW,2257
702109546,WHITETHORNE TWICKENHAM PTY LTD,2026-09-07,Registered,Australian Proprietary Company,MONA VALE,NSW,2103
702109608,FORTUNA VITA PTY LTD,2026-09-07,Registered,Australian Proprietary Company,SYDNEY,NSW,2000
702109644,LSDN PTY LTD,2026-09-07,Registered,Australian Proprietary Company,BLI BLI,QLD,4560
702109662,HEUTRIX PTY LTD,2026-09-07,Registered,Australian Proprietary Company,MOONEE PONDS,VIC,3039
702109724,TAYCO AUSTRALIA PTY. LTD.,2026-09-07,Registered,Australian Proprietary Company,STRATHFIELD,NSW,2135
702109804,SUPER HILLS FUND PTY LTD,2026-09-07,Registered,Australian Proprietary Company,MOOLOOLABA,QLD,4557
702109822,INSIGHT VETERINARY EDUCATION PTY LTD,2026-09-07,Registered,Australian Proprietary Company,KINGS LANGLEY,NSW,2147
702109902,PRAECO PROPERTY PTY LTD,2026-09-07,Registered,Australian Proprietary Company,PARRAMATTA,NSW,2150
702109920,SRH CONSULTING (NSW) PTY LTD,2026-09-07,Registered,Australian Proprietary Company,NORTH KELLYVILLE,NSW,2155
702109966,STREBOR OZ PTY LTD.,2026-09-07,Registered,Australian Proprietary Company,SAMFORD VILLAGE,QLD,4520
702110049,ALM BUSINESS INVESTMENTS PTY LTD,2026-09-07,Registered,Australian Proprietary Company,HEATHCOTE,NSW,2233
702110067,TIMOS HOLDING CO PTY LTD,2026-09-07,Registered,Australian Proprietary Company,BONBEACH,VIC,3196
702110085,ANTJEN INVESTMENTS PTY LTD,2026-09-07,Registered,Australian Proprietary Company,EAST RYDE,NSW,2113
702110101,TITAN TRUCK & TRAILER PTY LTD,2026-09-07,Registered,Australian Proprietary Company,DELACOMBE,VIC,3356
702110183,UNIVERSAL AUSTRALIA PTY LTD,2026-09-07,Registered,Australian Proprietary Company,LANE COVE,NSW,2066
702110227,BATTLE JOHNSON UNITED ROAD PTY LTD,2026-09-07,Registered,Australian Proprietary Company,BRISBANE CITY,QLD,4000
702110281,GOOD PROBLEM PTY LTD,2026-09-07,Registered,Australian Proprietary Company,SYDNEY,NSW,2000
702110307,OTP CONSULTING PTY LTD,2026-09-07,Registered,Australian Proprietary Company,MONT ALBERT,VIC,3127
702110325,TOBY'S TRADINGS PTY LTD,2026-09-07,Registered,Australian Proprietary Company,HORNSBY HEIGHTS,NSW,2077
702110361,LEED CONSTRUCTION PTY LTD,2026-09-07,Registered,Australian Proprietary Company,MELBOURNE,VIC,3000
702110405,SYNERGY RAD LEASING PTY LTD,2026-09-07,Registered,Australian Proprietary Company,MELBOURNE,VIC,3000
702110487,BOOTH PAINTING CO PTY LTD,2026-09-07,Registered,Australian Proprietary Company,SLADE POINT,QLD,4740
702110503,AMAROO BUILD PTY LTD,2026-09-07,Registered,Australian Proprietary Company,HURSTVILLE,NSW,2220
702110521,888 CONSTRUCTIONS AUS PTY LTD,2026-09-07,Registered,Australian Proprietary Company,COORANBONG,NSW,2265
702110549,BISSC PTY LTD,2026-09-07,Registered,Australian Proprietary Company,BRISBANE CITY,QLD,4000
702110585,BENJI'S BUSINESS PTY LTD,2026-09-07,Registered,Australian Proprietary Company,HORNSBY HEIGHTS,NSW,2077
702110629,BBFUL PTY LTD,2026-09-07,Registered,Australian Proprietary Company,BERESFIELD,NSW,2322
702110647,NOVACREST PROJECTS PTY LTD,2026-09-07,Registered,Australian Proprietary Company,SUNSHINE WEST,VIC,3020
702110807,GOLDFIELDS HEALTH SUPPLIES PTY LTD,2026-09-07,Registered,Australian Proprietary Company,BALLARAT CENTRAL,VIC,3350
702110825,JWKK PTY LTD,2026-09-07,Registered,Australian Proprietary Company,KANGAROO POINT,QLD,4169
702110889,M & A FINN SUPER FUND PTY LTD,2026-09-07,Registered,Australian Proprietary Company,CANNONVALE,QLD,4802
702110905,BISSC STAFF PTY LTD,2026-09-07,Registered,Australian Proprietary Company,BRISBANE CITY,QLD,4000
702110923,FLINDERS TYRE CENTRE PTY LTD,2026-09-07,Registered,Australian Proprietary Company,LONGREACH,QLD,4730
702111000,MOUNTAIN GROVE HOLDINGS PTY LTD,2026-09-07,Registered,Australian Proprietary Company,NICKOL,WA,6714
702111028,MELISA SALI CORPORATION PTY LTD,2026-09-07,Registered,Australian Proprietary Company,CRINGILA,NSW,2502
702111064,MAK FOODS PTY LTD,2026-09-07,Registered,Australian Proprietary Company,WILEY PARK,NSW,2195
702111144,RAYNDAY LICENSEE SERVICES PTY LTD,2026-09-07,Registered,Australian Proprietary Company,WOOLNER,NT,0820
702111162,CUNNINGHAM ESTATE AGENTS PTY LTD,2026-09-07,Registered,Australian Proprietary Company,TENTERFIELD,NSW,2372
702111180,VALONT TRADING PTY LTD,2026-09-07,Registered,Australian Proprietary Company,BRISBANE CITY,QLD,4000
702111304,LR PHARMACY PTY LTD,2026-09-07,Registered,Australian Proprietary Company,BUNDALL,QLD,4217
702111402,THRIVE TOGETHER CARE SERVICES PTY LTD,2026-09-07,Registered,Australian Proprietary Company,SHEPPARTON,VIC,3630
702111420,EAST ROCKY BIOTECH ASSET MANAGEMENT PTY LTD,2026-09-07,Registered,Australian Proprietary Company,MELBOURNE,VIC,3000
702111500,REVIEW REPLY PLUS PTY. LTD,2026-09-07,Registered,Australian Proprietary Company,WOLLERT,VIC,3750
702111582,NIELSEN FAM - OPR PTY LTD,2026-09-07,Registered,Australian Proprietary Company,MANLY,NSW,2095
702111626,MERIDIAN MANAGEMENT ADVISORY PTY LTD,2026-09-07,Registered,Australian Proprietary Company,PENNANT HILLS,NSW,2120
702111788,SIJOHN PTY LTD,2026-09-07,Registered,Australian Proprietary Company,VARSITY LAKES,QLD,4227
702111886,PAVLOVSKI INVESTMENTS PTY LTD,2026-09-07,Registered,Australian Proprietary Company,GLEN IRIS,VIC,3146
702112007,RAMESH@AUSSIECPA.AU PTY LTD,2026-09-07,Registered,Australian Proprietary Company,DERRIMUT,VIC,3026
702112043,FIRMING POWER PTY LTD,2026-09-07,Registered,Australian Proprietary Company,TANAWHA,QLD,4556
702112061,PKS SOLUTIONS PTY LTD,2026-09-07,Registered,Australian Proprietary Company,KELSO,QLD,4815
702112329,THE GRACE ASSET PTY LTD,2026-09-07,Registered,Australian Proprietary Company,SOUTHPORT,QLD,4215
702112347,ADAPTIVE INTELLIGENCE PTY LTD,2026-09-07,Registered,Australian Proprietary Company,THORNLEIGH,NSW,2120
702112365,KICKSTART EXPRESSO (WEST) WAGGA PTY LIMITED,2026-09-07,Registered,Australian Proprietary Company,LYNEHAM,ACT,2602
702112383,CISSE HEALTH GROUP PTY LTD,2026-09-07,Registered,Australian Proprietary Company,O'CONNOR,WA,6163
702112427,MG & AV CASEY-RANSOM PTY LTD,2026-09-07,Registered,Australian Proprietary Company,INVERELL,NSW,2360
702112463,DELPHINE FAMILY PTY. LTD.,2026-09-07,Registered,Australian Proprietary Company,PRAHRAN,VIC,3181
702112543,JEL AUST PTY LTD,2026-09-07,Registered,Australian Proprietary Company,BLACKTOWN,NSW,2148
702112561,EARTHMOVER ENGINEERING PTY LTD,2026-09-07,Registered,Australian Proprietary Company,LANDSDALE,WA,6065
702112589,LINCTIM PTY LTD,2026-09-07,Registered,Australian Proprietary Company,MOUNT HELENA,WA,6082
702112605,COUNTERPOINT ADVISORY SERVICES (AUS) PTY LTD,2026-09-07,Registered,Australian Proprietary Company,CRAIGIE,WA,6025
702112687,SCT&CO PTY LTD,2026-09-07,Registered,Australian Proprietary Company,UMINA BEACH,NSW,2257
702112721,MRM NOMINEES (SA) PTY LTD,2026-09-07,Registered,Australian Proprietary Company,ADELAIDE,SA,5000
702112847,L3HJT ASSOCIATES PTY LTD,2026-09-07,Registered,Australian Proprietary Company,WARRAWEE,NSW,2074
702112883,STONE & IVY PTY LTD,2026-09-07,Registered,Australian Proprietary Company,STRETTON,QLD,4116
702112981,LK HAULAGE PTY LTD,2026-09-07,Registered,Australian Proprietary Company,ANGLE VALE,SA,5117
702113004,CHIRHO PRODUCTIONS PTY LTD,2026-09-07,Registered,Australian Proprietary Company,FLAGSTAFF HILL,SA,5159
702113022,DECOR ELECTRICAL PTY LTD,2026-09-07,Registered,Australian Proprietary Company,WETHERILL PARK,NSW,2164
702113120,EV CHARGE GROUP PTY LTD,2026-09-07,Registered,Australian Proprietary Company,GREENVALE,VIC,3059
702113200,WJB BLACK HOLDINGS PTY LTD,2026-09-07,Registered,Australian Proprietary Company,COPACABANA,NSW,2251
702113246,DUEL OCCUPANCY PTY LTD,2026-09-07,Registered,Australian Proprietary Company,NEWCASTLE,NSW,2300
702113282,CHEM-TEM INTERNATIONAL PTY LTD,2026-09-07,Registered,Australian Proprietary Company,DOREEN,VIC,3754
702113344,CLEAN & CO BY SHANNON PTY LTD,2026-09-07,Registered,Australian Proprietary Company,BUNDALONG,VIC,3730
702113380,IMPACT PARTNERS VIC PTY LTD,2026-09-07,Registered,Australian Proprietary Company,CHURCHILL,VIC,3842
702113504,STERLINGA HOLDINGS PTY LTD,2026-09-07,Registered,Australian Proprietary Company,GRANVILLE,NSW,2142
702113586,RNG PTY LTD,2026-09-07,Registered,Australian Proprietary Company,BUNDABERG CENTRAL,QLD,4670
702113764,GLOEDE VENTURES NOMINEES PTY LTD,2026-09-07,Registered,Australian Proprietary Company,ASCOT PARK,SA,5043
702113782,LVR CONSULTING AUSTRALIA PTY LTD,2026-09-07,Registered,Australian Proprietary Company,RICHMOND,VIC,3121
702113826,D & E HILL SUPER INVESTMENTS PTY LTD,2026-09-07,Registered,Australian Proprietary Company,PORT PIRIE,SA,5540
702113880,PROSPERA PROPERTY HOLDINGS PTY LTD,2026-09-07,Registered,Australian Proprietary Company,NORTH PARRAMATTA,NSW,2151
702113906,BEAR WILKINS PTY LTD,2026-09-07,Registered,Australian Proprietary Company,SYDNEY,NSW,2000
702113924,ACE MOTO PTY LTD,2026-09-07,Registered,Australian Proprietary Company,GIRRAWEEN,NT,0836
702113942,FRANKA CAPITAL PTY LTD,2026-09-07,Registered,Australian Proprietary Company,ROBINA,QLD,4226
702113988,DCB & SOLOMONS RENMARK PTY LTD,2026-09-07,Registered,Australian Proprietary Company,WAIKERIE,SA,5330
702114001,NEWMAN NUGGET CO PTY LTD,2026-09-07,Registered,Australian Proprietary Company,PERTH,WA,6000
702114029,ZARA DEVELOPMENT GROUP PTY LTD,2026-09-07,Registered,Australian Proprietary Company,ENFIELD,SA,5085
702114065,M FINDLAY PTY LTD,2026-09-07,Registered,Australian Proprietary Company,MOONEE PONDS,VIC,3039
702114243,CHO DYNASTY CAPITAL PTY LTD,2026-09-07,Registered,Australian Proprietary Company,NORWOOD,SA,5067
702114289,SSL PLANT HIRE HOLDINGS PTY LTD,2026-09-07,Registered,Australian Proprietary Company,NORTHGATE,QLD,4013
702114323,MS FAMILY SMSF PTY. LTD.,2026-09-07,Registered,Australian Proprietary Company,PENRITH,NSW,2750
702114403,HEY CONFETTI PTY LTD,2026-09-07,Registered,Australian Proprietary Company,MELBOURNE,VIC,3000
702114421,ADINA THE LABEL PTY LTD,2026-09-07,Registered,Australian Proprietary Company,REVESBY,NSW,2212
702114501,AUSVEY PTY LTD,2026-09-07,Registered,Australian Proprietary Company,STAFFORD HEIGHTS,QLD,4053
702114529,OSCAR TAING PTY LTD,2026-09-07,Registered,Australian Proprietary Company,WEST MELBOURNE,VIC,3003
702114609,BIONDI HORIZON PTY LTD,2026-09-07,Registered,Australian Proprietary Company,FERNY HILLS,QLD,4055
702114627,M&P JAIN SMSF PTY LTD,2026-09-07,Registered,Australian Proprietary Company,GRACEVILLE,QLD,4075
702114725,BNB SUPERANNUATION PTY LTD,2026-09-07,Registered,Australian Proprietary Company,BEULAH PARK,SA,5067
702114805,ZP (WA) PTY LTD,2026-09-07,Registered,Australian Proprietary Company,WEST PERTH,WA,6005
702114949,AJO GROUP QLD PTY LTD,2026-09-07,Registered,Australian Proprietary Company,MACKAY,QLD,4740
702115044,MOTOR SOCIETY AUTO PTY LTD,2026-09-07,Registered,Australian Proprietary Company,BURLEIGH HEADS,QLD,4220
702115062,DMT COLLECTIVE PTY LTD,2026-09-07,Registered,Australian Proprietary Company,BRISBANE CITY,QLD,4000
702115080,RKS SUPERANNUATION PTY LTD,2026-09-07,Registered,Australian Proprietary Company,ROBINA,QLD,4226
702115222,JTA PROPERTY SUPER MANAGEMENT PTY LTD,2026-09-07,Registered,Australian Proprietary Company,CHARLESTOWN,NSW,2290
702115240,SYDNEYWIDE PETROLEUM PTY LTD,2026-09-07,Registered,Australian Proprietary Company,GREEN VALLEY,NSW,2168
702115268,DA CONDON INVESTMENTS PTY LTD,2026-09-07,Registered,Australian Proprietary Company,BRIGHTON,VIC,3186
702115286,ASH HEALTH PARTNERS PTY LTD,2026-09-07,Registered,Australian Proprietary Company,MANNINGHAM,SA,5086
702115320,INGRAM HOLDINGS (WA) PTY LTD,2026-09-07,Registered,Australian Proprietary Company,BRIDGETOWN,WA,6255
702115446,JATT GLOBAL PTY LTD,2026-09-07,Registered,Australian Proprietary Company,TARNEIT,VIC,3029
702115464,GELACO INVESTMENTS PTY LTD,2026-09-07,Registered,Australian Proprietary Company,PERTH,WA,6000
702115482,BEO CARE AUSTRALIA PTY LTD,2026-09-07,Registered,Australian Proprietary Company,LIVERPOOL,NSW,2170
702115508,OCTA FORM PTY LTD,2026-09-07,Registered,Australian Proprietary Company,PUNCHBOWL,NSW,2196
702115526,GFC LOGISTICS PTY LTD,2026-09-07,Registered,Australian Proprietary Company,MAWSON LAKES,SA,5095
702115544,DREAM EASE INTERNATIONAL PTY LTD,2026-09-07,Registered,Australian Proprietary Company,BROWNS PLAINS,QLD,4118
702115624,XUANRAN HOLDINGS PTY LTD,2026-09-07,Registered,Australian Proprietary Company,WILLOUGHBY,NSW,2068
702115722,CARVEX PTY LTD,2026-09-07,Registered,Australian Proprietary Company,PARRAMATTA,NSW,2150
702115740,JCS ASSET INSPECTION PTY LTD,2026-09-07,Registered,Australian Proprietary Company,MUSWELLBROOK,NSW,2333
702115802,FUIGEES SMSF PTY. LTD.,2026-09-07,Registered,Australian Proprietary Company,KINGSHOLME,QLD,4208
702115982,WOWPROP PTY LTD,2026-09-07,Registered,Australian Proprietary Company,SOUTHPORT,QLD,4215
702116069,GANGNAM KITCHEN PTY LTD,2026-09-07,Registered,Australian Proprietary Company,ZETLAND,NSW,2017
702116087,NAYAB GILL PTY LTD,2026-09-07,Registered,Australian Proprietary Company,FARRER,ACT,2607
702116103,THE ENDOSCOPY HOSPITAL PTY LTD,2026-09-07,Registered,Australian Proprietary Company,MANDURAH,WA,6210
702116149,RENO FLOOR SANDING PTY LTD,2026-09-07,Registered,Australian Proprietary Company,MANLY,NSW,2095
702116461,BEVEN OAK CAPITAL PTY LTD,2026-09-07,Registered,Australian Proprietary Company,ADELAIDE,SA,5000
702116649,THAKUR FAMILY INVESTMENTS SUPER FUND PTY LTD,2026-09-07,Registered,Australian Proprietary Company,NARRE WARREN,VIC,3805
702116701,DUKEEDU MELBOURNE PTY LTD,2026-09-07,Registered,Australian Proprietary Company,MELBOURNE,VIC,3004
702116783,SUNDAYS WINE MERCHANTS PTY LTD,2026-09-07,Registered,Australian Proprietary Company,BRIDGEMAN DOWNS,QLD,4035
702117048,AI FARES INVESTMENTS PTY LTD,2026-09-07,Registered,Australian Proprietary Company,ATWELL,WA,6164
702117066,WICKETT GROUP HOLDINGS PTY LTD,2026-09-07,Registered,Australian Proprietary Company,MAROUBRA,NSW,2035
702117128,RASHIM ALI PROPERTY PTY LTD,2026-09-07,Registered,Australian Proprietary Company,SOUTH MELBOURNE,VIC,3205
702117164,HOLDER RESIDENTIAL PROPERTIES PTY LTD,2026-09-07,Registered,Australian Proprietary Company,BRISBANE CITY,QLD,4000
702117182,AL TOUKMACHY HOLDINGS PTY LTD,2026-09-07,Registered,Australian Proprietary Company,ROSELANDS,NSW,2196
702117244,DUX SKIP BINS PTY LTD,2026-09-07,Registered,Australian Proprietary Company,DRUMMOYNE,NSW,2047
702117262,MEL AND LUKE INVESTMENTS PTY LTD,2026-09-07,Registered,Australian Proprietary Company,ELDERSLIE,NSW,2570
702117306,SREDNO HOLDINGS PTY LTD,2026-09-07,Registered,Australian Proprietary Company,MORNINGTON,VIC,3931
702117388,16 HIGH ST PTY LTD,2026-09-07,Registered,Australian Proprietary Company,CHESTER HILL,NSW,2162
702117422,YUAN HERITAGE PTY LTD,2026-09-07,Registered,Australian Proprietary Company,CLAYTON,VIC,3168
702117440,LONGWAY MARINE PTY LTD,2026-09-07,Registered,Australian Proprietary Company,BOX HILL,VIC,3128
702117468,INDO MECH ENGINEERING PTY LTD,2026-09-07,Registered,Australian Proprietary Company,GRIFFITH,NSW,2680
702117486,PASHA FAMILY PTY LTD,2026-09-07,Registered,Australian Proprietary Company,NUNDAH,QLD,4012
702117548,DAY TO DAY CLEANING PTY LTD,2026-09-07,Registered,Australian Proprietary Company,TRUGANINA,VIC,3029
702117566,SANENTUR PTY LTD,2026-09-07,Registered,Australian Proprietary Company,PYMBLE,NSW,2073
702117584,DANMACFAM PTY LTD,2026-09-07,Registered,Australian Proprietary Company,SOMERS,VIC,3927
702117600,ICP HEALTH PTY LTD,2026-09-07,Registered,Australian Proprietary Company,EAST MELBOURNE,VIC,3002
702117744,ARZ5 FINANCIAL SERVICES PTY LTD,2026-09-07,Registered,Australian Proprietary Company,TARNEIT,VIC,3029
702117780,MDG HEALTHCARE PTY LTD,2026-09-07,Registered,Australian Proprietary Company,DOCKLANDS,VIC,3008
702117806,COMPLETE PROPERTY TRANSACTIONS PTY LTD,2026-09-07,Registered,Australian Proprietary Company,SHEPPARTON,VIC,3630
702117824,PRIME INTERNATIONAL GROUP PTY LTD,2026-09-07,Registered,Australian Proprietary Company,CAMDEN,NSW,2570
702117842,WOL HEALTHCARE PTY LTD,2026-09-07,Registered,Australian Proprietary Company,DOCKLANDS,VIC,3008
702117888,SUPPORT AT HAND PTY LTD,2026-09-07,Registered,Australian Proprietary Company,GUILDFORD,NSW,2161
702117922,GLOW MEDICAL COLLECTIVE PTY LTD,2026-09-07,Registered,Australian Proprietary Company,OAK PARK,VIC,3046
702118009,WHISTLER SUPER (WA) PTY LTD,2026-09-07,Registered,Australian Proprietary Company,CURRAMBINE,WA,6028
702118063,SS FARES INVESTMENTS PTY LIMITED,2026-09-07,Registered,Australian Proprietary Company,ORAN PARK,NSW,2570
702118125,RUDRA KV PTY LTD,2026-09-07,Registered,Australian Proprietary Company,FOREST LAKE,QLD,4078
702118161,MOCARE DISABILITY SUPPORT SERVICES PTY LTD,2026-09-07,Registered,Australian Proprietary Company,FORDE,ACT,2914
702118205,PPSY PHARMACY PTY LTD,2026-09-07,Registered,Australian Proprietary Company,DOCKLANDS,VIC,3008
702118401,RDSINGH PTY LTD,2026-09-07,Registered,Australian Proprietary Company,THORNLEIGH,NSW,2120
702118447,PEDROYOSHI PTY LTD,2026-09-07,Registered,Australian Proprietary Company,WOOLLOONGABBA,QLD,4102
702118483,J & J HOMES NQ PTY LTD,2026-09-07,Registered,Australian Proprietary Company,MAREEBA,QLD,4880
702118509,THE RESIDENCE BY COBBLESTONE PTY LTD,2026-09-07,Registered,Australian Proprietary Company,ORMEAU,QLD,4208
702118545,BARE-HUGS THE CLUB PTY LTD,2026-09-07,Registered,Australian Proprietary Company,PADBURY,WA,6025
702118563,INDEX LABS PTY LTD,2026-09-07,Registered,Australian Proprietary Company,NORTH SYDNEY,NSW,2060
702118625,BENEFIT PROPERTY MANAGEMENT PTY LTD,2026-09-07,Registered,Australian Proprietary Company,CHARLESTOWN,NSW,2290
702118689,KICBXR PTY LTD,2026-09-07,Registered,Australian Proprietary Company,SURRY HILLS,NSW,2010
702118705,PEQUE PTY LTD,2026-09-07,Registered,Australian Proprietary Company,COLLINGWOOD,VIC,3066
702118723,SUPER M & P HILLS PTY LTD,2026-09-07,Registered,Australian Proprietary Company,MOOLOOLABA,QLD,4557
702118741,HARTMANN PROPERTY PTY LTD,2026-09-07,Registered,Australian Proprietary Company,GEEBUNG,QLD,4034
702118849,AAVIRA GROUP PTY LTD,2026-09-07,Registered,Australian Proprietary Company,ORAN PARK,NSW,2570
702118867,CASTLEHALE PTY LTD,2026-09-07,Registered,Australian Proprietary Company,DANGAR ISLAND,NSW,2083
702118885,JTA PROPERTY MANAGEMENT PTY LTD,2026-09-07,Registered,Australian Proprietary Company,CHARLESTOWN,NSW,2290
702118965,JEM CO PTY LTD,2026-09-07,Registered,Australian Proprietary Company,NORTH SYDNEY,NSW,2060
702119060,BEVLYN HERITAGE INVESTMENTS PTY LTD,2026-09-07,Registered,Australian Proprietary Company,STRETTON,QLD,4116
702119088,ASPIRE JV II PTY LTD,2026-09-07,Registered,Australian Proprietary Company,PAKENHAM,VIC,3810
702119104,PRIME SEAFOODS AUSTRALIA PTY LTD,2026-09-07,Registered,Australian Proprietary Company,CAMDEN,NSW,2570
702119168,AMB CAPITAL PTY LTD,2026-09-07,Registered,Australian Proprietary Company,WEST PERTH,WA,6005
702119186,TRIPLE EIGHT CONSTRUCTION PTY LTD,2026-09-07,Registered,Australian Proprietary Company,OSBORNE PARK,WA,6017
702119248,PROPERTY DONE DIFFERENTLY PTY LTD,2026-09-07,Registered,Australian Proprietary Company,FAIRLIGHT,NSW,2094
702119382,GRANT LIVESTOCK PTY LTD,2026-09-07,Registered,Australian Proprietary Company,ALBANY,WA,6330
702119408,DRIVEBY CONVENIENCE PTY LTD,2026-09-07,Registered,Australian Proprietary Company,GLENROY,VIC,3046
702119542,HELNA FASHION PTY LTD,2026-09-07,Registered,Australian Proprietary Company,MELBOURNE,VIC,3000
702119766,GRIMSHAW COLLECTIVE PTY LTD,2026-09-07,Registered,Australian Proprietary Company,ST GEORGES BASIN,NSW,2540
702119800,GAYMANS PTY LTD,2026-09-07,Registered,Australian Proprietary Company,MORNINGTON,VIC,3931
702119962,BRIGGS LANE PTY LTD,2026-09-07,Registered,Australian Proprietary Company,HAWTHORN,VIC,3122
702120063,AJ & RN PTY LTD,2026-09-07,Registered,Australian Proprietary Company,BENNETT SPRINGS,WA,6063
702120107,GLYFADA BUSINESS GROUP PTY LTD,2026-09-07,Registered,Australian Proprietary Company,RICHMOND,VIC,3121
702120125,NOVELTY SWEETS IP PTY LTD,2026-09-07,Registered,Australian Proprietary Company,WALLAN,VIC,3756
702120143,VESPER ROBOT MOWER PTY LTD,2026-09-07,Registered,Australian Proprietary Company,DONCASTER EAST,VIC,3109
702120205,MRD LOGISTICS PTY LTD,2026-09-07,Registered,Australian Proprietary Company,WERRIBEE,VIC,3030
702120269,HILLCAT SUPER PTY LTD,2026-09-07,Registered,Australian Proprietary Company,KINGSLEY,WA,6026
702120287,ITSJINDUSTRIES PTY LTD,2026-09-07,Registered,Australian Proprietary Company,MOUNT COOLUM,QLD,4573
702120349,KJE SMSF PTY LTD,2026-09-07,Registered,Australian Proprietary Company,ST LEONARDS,NSW,2065
702120367,STUDIO 12 MEDIA PTY LTD,2026-09-07,Registered,Australian Proprietary Company,RINGWOOD NORTH,VIC,3134
702120385,56-58 WALTER STREET PTY LTD,2026-09-07,Registered,Australian Proprietary Company,ADELAIDE,SA,5000
702120429,ORACLE TRADING PTY LTD,2026-09-07,Registered,Australian Proprietary Company,RUNCORN,QLD,4113
702120465,SOPH HOLDINGS PTY LTD,2026-09-07,Registered,Australian Proprietary Company,SYDNEY,NSW,2000
702120689,DPR DENTAL GROUP PTY LTD,2026-09-07,Registered,Australian Proprietary Company,DARLING DOWNS,WA,6122
702120849,CICADA FILMS PTY LTD,2026-09-07,Registered,Australian Proprietary Company,FORTITUDE VALLEY,QLD,4006
702120901,TOTMONT PTY LTD,2026-09-07,Registered,Australian Proprietary Company,SOUTH MELBOURNE,VIC,3205
702120983,SRI BALAJI KRIPA PTY LTD,2026-09-07,Registered,Australian Proprietary Company,POINT COOK,VIC,3030
702121042,PROVELOP CONSTRUCTIONS PTY LTD,2026-09-07,Registered,Australian Proprietary Company,PUNCHBOWL,NSW,2196
702121140,PICKLEBOO CENTRE PTY LTD,2026-09-07,Registered,Australian Proprietary Company,MURRUMBEENA,VIC,3163
702121202,NEST POINT REALTY PTY LTD,2026-09-07,Registered,Australian Proprietary Company,RIVERSTONE,NSW,2765
702121248,CHERBAN NOMINEES PTY LTD,2026-09-07,Registered,Australian Proprietary Company,CAMPBELLTOWN,NSW,2560
702121266,RG GOLD MANGOES PTY LTD,2026-09-07,Registered,Australian Proprietary Company,NARRE WARREN,VIC,3805
702121382,CANOPY CLEAR PTY LTD,2026-09-07,Registered,Australian Proprietary Company,MITTAGONG,NSW,2575
702121444,TIMBERPRO CARPENTERS PTY LTD,2026-09-07,Registered,Australian Proprietary Company,TARNEIT,VIC,3029
702121524,MARTIN TRANSPORT PTY LTD,2026-09-07,Registered,Australian Proprietary Company,ABBOTSBURY,NSW,2176
702121588,ROOMI CONSTRUCTIONS PTY LTD,2026-09-07,Registered,Australian Proprietary Company,SALISBURY,QLD,4107
702121926,ESCHOFIELD ASSET PTY LTD,2026-09-07,Registered,Australian Proprietary Company,BRIGHTON,VIC,3186
702122003,MARONBLAZE FREIGHT SOLUTIONS PTY LTD,2026-09-07,Registered,Australian Proprietary Company,LENNOX HEAD,NSW,2478
702122021,K13 HOLDINGS PTY LTD,2026-09-07,Registered,Australian Proprietary Company,VARSITY LAKES,QLD,4227
702122165,GEOINTELLEX TECHNOLOGIES PTY LTD,2026-09-07,Registered,Australian Proprietary Company,DOREEN,VIC,3754
702122245,B K & H O T J PROPERTIES PTY LTD,2026-09-07,Registered,Australian Proprietary Company,MAITLAND,NSW,2320
702122307,BRICK & RISE PTY LTD,2026-09-07,Registered,Australian Proprietary Company,HEATHWOOD,QLD,4110
702122325,R & K VENTURES PTY LTD,2026-09-07,Registered,Australian Proprietary Company,MANSFIELD,QLD,4122
702122343,SEVENTEEN RICHARDSON PROPERTY PTY LTD,2026-09-07,Registered,Australian Proprietary Company,INNISFAIL,QLD,4860
702122361,ELEPHANT LAUNDROMAT PTY LTD,2026-09-07,Registered,Australian Proprietary Company,MOUNT WAVERLEY,VIC,3149
702122423,PANGIAH RESOURCE PARTNERS PTY LTD,2026-09-07,Registered,Australian Proprietary Company,KILLARA,NSW,2071
702122487,BEDIN WHITE PTY LTD,2026-09-07,Registered,Australian Proprietary Company,BALGOWLAH,NSW,2093
702122503,STEALTH THIRTEEN PTY LTD,2026-09-07,Registered,Australian Proprietary Company,VARSITY LAKES,QLD,4227
702122549,OMEAGHER HOLDINGS PTY LTD,2026-09-07,Registered,Australian Proprietary Company,OSBORNE PARK,WA,6017
702122629,DMI CORE PTY LTD,2026-09-07,Registered,Australian Proprietary Company,BLAKEHURST,NSW,2221
702122745,MOOTEACH PTY LTD,2026-09-07,Registered,Australian Proprietary Company,BRISBANE CITY,QLD,4000
702122781,THIRTEEN SPHERES PTY LTD,2026-09-07,Registered,Australian Proprietary Company,VARSITY LAKES,QLD,4227
702122807,FUZED CHILLI PRODUCTS PTY LTD,2026-09-07,Registered,Australian Proprietary Company,OSBORNE PARK,WA,6017
702122843,C & R MATTHEWS SUPER PTY LTD,2026-09-07,Registered,Australian Proprietary Company,BENTLEIGH EAST,VIC,3165
702123000,BISMAN TRADING PTY LTD,2026-09-07,Registered,Australian Proprietary Company,HARRISDALE,WA,6112
702123260,MAYFAIR 777 PTY LTD,2026-09-07,Registered,Australian Proprietary Company,VARSITY LAKES,QLD,4227
702123288,OAK ARCHITECTURE PTY LTD,2026-09-07,Registered,Australian Proprietary Company,MOOREBANK,NSW,2170
702123322,STELLER PTY LTD,2026-09-07,Registered,Australian Proprietary Company,THORNLANDS,QLD,4164
702123368,SWIFT PARCEL DELIVERY PTY LTD,2026-09-07,Registered,Australian Proprietary Company,PRAHRAN,VIC,3181
702123386,IKI CK SL PTY LTD,2026-09-07,Registered,Australian Proprietary Company,CHATSWOOD,NSW,2067
702123402,SUNRISE HOMES & DEVELOPMENTS PTY LTD,2026-09-07,Registered,Australian Proprietary Company,HOPPERS CROSSING,VIC,3029
702123420,RAJDHAN GROUP PTY LTD,2026-09-07,Registered,Australian Proprietary Company,MADDINGLEY,VIC,3340
702123448,IKI GROUP HOLDINGS PTY LTD,2026-09-07,Registered,Australian Proprietary Company,CHATSWOOD,NSW,2067
702123500,IKI YAKINIKU SL PTY LTD,2026-09-07,Registered,Australian Proprietary Company,CHATSWOOD,NSW,2067
702123528,MANLEIN SUPER BARE HOLDINGS PTY LTD,2026-09-07,Registered,Australian Proprietary Company,MOUNT LAWLEY,WA,6050
702123564,JJ PRIVATE HOLDINGS PTY LTD,2026-09-07,Registered,Australian Proprietary Company,TURRAMURRA,NSW,2074
702123608,ELSE & CO PTY LTD,2026-09-07,Registered,Australian Proprietary Company,ROWVILLE,VIC,3178
702123680,DESI WITH SPICY PTY LTD,2026-09-07,Registered,Australian Proprietary Company,FOOTSCRAY,VIC,3011
702123840,AM CABS PTY LTD,2026-09-07,Registered,Australian Proprietary Company,HINCHINBROOK,NSW,2168
702123886,NT ELECTRICAL ENTERPRISES PTY LTD,2026-09-07,Registered,Australian Proprietary Company,NORTH ADELAIDE,SA,5006
702123902,PHI SEIRA PTY LTD,2026-09-07,Registered,Australian Proprietary Company,EAST BALLINA,NSW,2478
702123984,MCKENSEY MARINE PTY LTD,2026-09-07,Registered,Australian Proprietary Company,ELVINA BAY,NSW,2105
702124007,TIMOS TRADING CO PTY LTD,2026-09-07,Registered,Australian Proprietary Company,BONBEACH,VIC,3196
702124025,JMG VENTURES PTY LTD,2026-09-07,Registered,Australian Proprietary Company,MIRRABOOKA,WA,6061
702124141,INEX RENDER PTY LTD,2026-09-07,Registered,Australian Proprietary Company,REDBANK PLAINS,QLD,4301
702124221,AVENDALE COMMUNITIES PTY LTD,2026-09-07,Registered,Australian Proprietary Company,HOPE ISLAND,QLD,4212
702124249,COMPASS & CLOVER PTY LTD,2026-09-07,Registered,Australian Proprietary Company,AITKENVALE,QLD,4814
702124285,BARBER INDUSTRIES & CO PTY LTD,2026-09-07,Registered,Australian Proprietary Company,SMITHFIELD,QLD,4878
702124301,V DHAWAN PTY LTD,2026-09-07,Registered,Australian Proprietary Company,HEATHWOOD,QLD,4110
702124463,AUSTRALIAN MODULAR BUILDING SYSTEMS PTY LTD,2026-09-07,Registered,Australian Proprietary Company,SYDNEY,NSW,2000
702124481,COLAKOVIC DEVELOPMENTS PTY LTD,2026-09-07,Registered,Australian Proprietary Company,MANOR LAKES,VIC,3024
702124507,LEAF CAPITAL AUSTRALIA PTY LTD,2026-09-07,Registered,Australian Proprietary Company,BLACK ROCK,VIC,3193
702124543,BE SANA AUS PTY LTD,2026-09-07,Registered,Australian Proprietary Company,DENHAM COURT,NSW,2565
702124605,DGI COMMERCIAL 002 PTY LTD,2026-09-07,Registered,Australian Proprietary Company,BROADBEACH,QLD,4218
702124749,MCLARTY PLACE PTY LTD,2026-09-07,Registered,Australian Proprietary Company,GEELONG,VIC,3220
702124767,SDA PROVIDER HOLDINGS PTY LTD,2026-09-07,Registered,Australian Proprietary Company,MELBOURNE,VIC,3000
702124801,GORDON PROPERTY PARTNERS PTY LTD,2026-09-07,Registered,Australian Proprietary Company,MIRRABOOKA,WA,6061
702124829,ALLPLAY T20 LEAGUE PTY LTD,2026-09-07,Registered,Australian Proprietary Company,SOUTHERN RIVER,WA,6110
702124865,PEOPLE PULSE HR PTY LTD,2026-09-07,Registered,Australian Proprietary Company,PARRAMATTA,NSW,2150
702124883,KOBI COLLECTIVE PTY LTD,2026-09-07,Registered,Australian Proprietary Company,ROCKLEA,QLD,4106
702125102,BYRON REGION COMMUNITY COLLEGE LTD.,2026-09-07,Registered,Australian Public Company,MULLUMBIMBY,NSW,2482
702125380,ADAM AUDREY ALEXANDER 351ST KISSING POINT GROUP PTY LTD,2026-09-07,Registered,Australian Proprietary Company,CHATSWOOD,NSW,2067
702125540,CALVEXA PTY LTD,2026-09-07,Registered,Australian Proprietary Company,HARRISDALE,WA,6112
702125586,KOOEE GROUP PTY LTD,2026-09-07,Registered,Australian Proprietary Company,HEATHCOTE,NSW,2233
702125620,LIMBU GROUP PTY LTD,2026-09-07,Registered,Australian Proprietary Company,FAWKNER,VIC,3060
702125684,ROWLAND CIVIL PTY LTD,2026-09-07,Registered,Australian Proprietary Company,COMO,WA,6152
702125764,RANSON PHARMACY & PROPERTY NO.1 PTY LTD,2026-09-07,Registered,Australian Proprietary Company,BUNDALL,QLD,4217
702125826,BETHEL SUPERANNUATION CUSTODIAN FUND PTY LTD,2026-09-07,Registered,Australian Proprietary Company,UNDERWOOD,QLD,4119
702125880,WINNETT PHARMACY HOLDINGS PTY LTD,2026-09-07,Registered,Australian Proprietary Company,BUNDALL,QLD,4217
702126029,ADZY HASAN VENTURES PTY LTD,2026-09-07,Registered,Australian Proprietary Company,HORNINGSEA PARK,NSW,2171
702126047,LAVISTA MANAGEMENT PTY LTD,2026-09-07,Registered,Australian Proprietary Company,MANGO HILL,QLD,4509
702126083,MSAS APPOINTOR PTY LTD,2026-09-07,Registered,Australian Proprietary Company,MELBOURNE,VIC,3004
702126127,WICK & CO ADVISORY PTY LTD,2026-09-07,Registered,Australian Proprietary Company,CHADSTONE,VIC,3148
702126387,WATTS CONDITIONING PTY LTD,2026-09-07,Registered,Australian Proprietary Company,DARRA,QLD,4076
702126467,DDSTM STUDIO PTY LTD,2026-09-07,Registered,Australian Proprietary Company,RIVERSTONE,NSW,2765
702126485,NAV AND BAL PTY LTD,2026-09-07,Registered,Australian Proprietary Company,AINTREE,VIC,3336
702126529,JDR BULL & CO PTY LTD,2026-09-07,Registered,Australian Proprietary Company,GILLENBAH,NSW,2700
702126627,CARMICHAEL HENDERSON PTY LTD,2026-09-07,Registered,Australian Proprietary Company,CALOUNDRA,QLD,4551
702126645,SOKA BATH PTY LTD,2026-09-07,Registered,Australian Proprietary Company,RICHMOND,VIC,3121
702126663,CURRAJONG PASTORAL PTY LTD,2026-09-07,Registered,Australian Proprietary Company,GILLENBAH,NSW,2700
702126707,GOLLAN TRANSPORT PTY LTD,2026-09-07,Registered,Australian Proprietary Company,FORRESTFIELD,WA,6058
702126725,MJCE HOLDINGS PTY LTD,2026-09-07,Registered,Australian Proprietary Company,BROADMEADOW,NSW,2292
702126743,QSEF 2 HOLDINGS PTY LIMITED,2026-09-07,Registered,Australian Proprietary Company,SYDNEY,NSW,2000
702126789,VK PANG PTY LTD,2026-09-07,Registered,Australian Proprietary Company,DRUMMOYNE,NSW,2047
702126841,AMBER WEALTH LENDING PTY LTD,2026-09-07,Registered,Australian Proprietary Company,CHELSEA,VIC,3196
702126869,UNPREDICTABLE STREETWEAR PTY LTD,2026-09-07,Registered,Australian Proprietary Company,BRIGHTON,TAS,7030
702126921,MPC TYRES TRUCK AND TRAILER REPAIRS PTY LTD,2026-09-07,Registered,Australian Proprietary Company,SUNSHINE WEST,VIC,3020
702126949,CALIFORNIA ROBOTICS PTY LTD,2026-09-07,Registered,Australian Proprietary Company,ESCHOL PARK,NSW,2558
702126967,MARRI WF FINANCE PTY LTD,2026-09-07,Registered,Australian Proprietary Company,SYDNEY,NSW,2000
702127008,GMG INDUSTRIES PTY LTD,2026-09-07,Registered,Australian Proprietary Company,MACKAY,QLD,4740
702127026,CORE LINKS PTY LTD,2026-09-07,Registered,Australian Proprietary Company,GLYNDE,SA,5070
702127062,RGAK INVESTMENTS PTY LTD,2026-09-07,Registered,Australian Proprietary Company,EPPING,VIC,3076
702127080,FSV LAND WARRNAMBOOL PTY LTD,2026-09-07,Registered,Australian Proprietary Company,YARRAM,VIC,3971
702127106,JA & CO PARTNERS PTY LTD,2026-09-07,Registered,Australian Proprietary Company,BENOWA,QLD,4217
702127142,NIRBHAU SOLUTIONS PTY LTD,2026-09-07,Registered,Australian Proprietary Company,TARNEIT,VIC,3029
702127160,KEMO TILING PTY LTD,2026-09-07,Registered,Australian Proprietary Company,LOGANLEA,QLD,4131
702127268,LN GROWTH PARTNERS PTY LTD,2026-09-07,Registered,Australian Proprietary Company,KINGSWOOD,NSW,2747
702127302,P ASHENDEN PHARMACY NO.1 PTY LTD,2026-09-07,Registered,Australian Proprietary Company,BUNDALL,QLD,4217
702127320,VANMIA INVESTMENTS PTY LTD,2026-09-07,Registered,Australian Proprietary Company,CAULFIELD SOUTH,VIC,3162
702127366,PRIME WEST GROUP PTY LTD,2026-09-07,Registered,Australian Proprietary Company,CANNINGTON,WA,6107
702127400,SCOOT ALONG FILMS PTY LTD,2026-09-07,Registered,Australian Proprietary Company,ALPHINGTON,VIC,3078
702127606,SESTRA CAPITAL PTY LTD,2026-09-07,Registered,Australian Proprietary Company,MELBOURNE,VIC,3000
702127624,WINNETT PHARMACY & PROPERTY NO.1 PTY LTD,2026-09-07,Registered,Australian Proprietary Company,BUNDALL,QLD,4217
702127642,CIRRIS CARE PTY LTD,2026-09-07,Registered,Australian Proprietary Company,WEST LEEDERVILLE,WA,6007
702127688,ELLIOT PHARMACY HOLDINGS PTY LTD,2026-09-07,Registered,Australian Proprietary Company,BUNDALL,QLD,4217
702127820,POWERCLAUDE PTY LTD,2026-09-07,Registered,Australian Proprietary Company,MURRUMBEENA,VIC,3163
702127848,EXISTENTIAL MEDIA AND LIFESTYLE PTY LTD,2026-09-07,Registered,Australian Proprietary Company,SOUTH MELBOURNE,VIC,3205
702127866,MOORA PASSIVE PTY LTD,2026-09-07,Registered,Australian Proprietary Company,MELBOURNE,VIC,3000
702127884,FEICHTER PHARMACY NO.2 PTY LTD,2026-09-07,Registered,Australian Proprietary Company,BUNDALL,QLD,4217
702127982,ZALOUTIONS PTY LTD,2026-09-07,Registered,Australian Proprietary Company,WINSTON HILLS,NSW,2153
702128005,JM FACADES CONTRACTORS PTY LTD,2026-09-07,Registered,Australian Proprietary Company,NORMAN PARK,QLD,4170
702128041,NGUM-MARHL/GWOI-ARDJ GROUP PTY LTD,2026-09-07,Registered,Australian Proprietary Company,CASINO,NSW,2470
702128087,LVMM HEALTH PTY LTD,2026-09-07,Registered,Australian Proprietary Company,BUNDALL,QLD,4217
702128201,SANDIBERG HOLDINGS PTY LTD,2026-09-07,Registered,Australian Proprietary Company,PEREGIAN BEACH,QLD,4573
702128247,MCLAREN HOLDINGS WA PTY LTD,2026-09-07,Registered,Australian Proprietary Company,SOUTH PERTH,WA,6151
702128265,TWO OCEANS FOOD & BEVERAGES PTY LTD,2026-09-07,Registered,Australian Proprietary Company,CRANBOURNE WEST,VIC,3977
702128283,BAYWARD PTY LTD,2026-09-07,Registered,Australian Proprietary Company,MOUNT MARTHA,VIC,3934
702128381,WESTLOOP PTY LTD,2026-09-07,Registered,Australian Proprietary Company,BURNSIDE HEIGHTS,VIC,3023
702128425,EUROLINE AUTOMOTIVE WA PTY LTD,2026-09-07,Registered,Australian Proprietary Company,EAST PERTH,WA,6004
702128505,RANSON PHARMACY HOLDINGS PTY LTD,2026-09-07,Registered,Australian Proprietary Company,BUNDALL,QLD,4217
702128541,DCA INVESTMENTS #1 PTY LTD,2026-09-07,Registered,Australian Proprietary Company,WARNER,QLD,4500
702128569,DCA INVESTMENTS #2 PTY LTD,2026-09-07,Registered,Australian Proprietary Company,WARNER,QLD,4500
702128701,BLACKWATER PHARMACY MM PTY LTD,2026-09-07,Registered,Australian Proprietary Company,BUNDALL,QLD,4217
702128747,ACP GP V PTY LIMITED,2026-09-07,Registered,Australian Proprietary Company,SYDNEY,NSW,2000
702128783,HBR INVESTMENT GROUP PTY LTD,2026-09-07,Registered,Australian Proprietary Company,PARRAMATTA,NSW,2150
702128881,CORVAL GIRRAWEEN COLD STORE PTY LTD,2026-09-07,Registered,Australian Proprietary Company,SYDNEY,NSW,2000
702128925,INTELLISEND TECHNOLOGIES PTY LTD,2026-09-07,Registered,Australian Proprietary Company,CARLTON,NSW,2218
702128961,V-CARBON INTERNATIONAL LIMITED,2026-09-07,Registered,Foreign Company (Overseas),MULGRAVE,VIC,3170
702129020,CANNONVALE PHARMACY LM PTY LTD,2026-09-07,Registered,Australian Proprietary Company,BUNDALL,QLD,4217
702129066,SANSON FAMILY PTY LTD,2026-09-07,Registered,Australian Proprietary Company,TOOWOOMBA CITY,QLD,4350
702129100,KATZ ASSET GROUP PTY LTD,2026-09-07,Registered,Australian Proprietary Company,SYDNEY,NSW,2000
702129182,POPUP CHEF & CO. PTY LTD,2026-09-07,Registered,Australian Proprietary Company,DARWIN CITY,NT,0800
702129226,LVTD HEALTH PTY LTD,2026-09-07,Registered,Australian Proprietary Company,BUNDALL,QLD,4217
702129244,WADI RUM HOLDINGS PTY LTD,2026-09-07,Registered,Australian Proprietary Company,JOSLIN,SA,5070
702129404,CLIMATECH HVAC&R SOLUTIONS PTY LTD,2026-09-07,Registered,Australian Proprietary Company,BLAXLANDS RIDGE,NSW,2758
702129486,TOOLS BUDDY PTY LTD,2026-09-07,Registered,Australian Proprietary Company,FERNTREE GULLY,VIC,3156
702129502,REDEEM GP PTY LTD,2026-09-07,Registered,Australian Proprietary Company,BRISBANE CITY,QLD,4000
702129520,GRALYN SERVICES PTY LTD,2026-09-07,Registered,Australian Proprietary Company,HIGHTON,VIC,3216
702129566,MORNREE SUPER PTY LTD,2026-09-07,Registered,Australian Proprietary Company,AUCHENFLOWER,QLD,4066
702129628,LAMPSTAND TRADING PTY LTD,2026-09-07,Registered,Australian Proprietary Company,TARNEIT,VIC,3029
702129664,TESS NT PTY LTD,2026-09-07,Registered,Australian Proprietary Company,ADELAIDE,SA,5000
702129682,NIC-TONE PTY. LTD.,2026-09-07,Registered,Australian Proprietary Company,COOLAMON,NSW,2701
702129726,GAUGE ADVISORY PTY LTD,2026-09-07,Registered,Australian Proprietary Company,GLEN WAVERLEY,VIC,3150
702129860,AD TILING SERVICES PTY LTD,2026-09-07,Registered,Australian Proprietary Company,POORAKA,SA,5095
702129888,SRIMAI FUELS PTY LTD,2026-09-07,Registered,Australian Proprietary Company,EPPING,VIC,3076
702129904,SARAH JOY HOLDINGS PTY. LTD.,2026-09-07,Registered,Australian Proprietary Company,VICTOR HARBOR,SA,5211
702129940,HAQUE & IFTEKHAR PTY LTD,2026-09-07,Registered,Australian Proprietary Company,LANGFORD,WA,6147
702130005,ABIDE SHIRE CHURCH LIMITED,2026-09-07,Registered,Australian Public Company,CARINGBAH,NSW,2229
702130069,ACHIEVERS TRANSPORT PTY LTD,2026-09-07,Registered,Australian Proprietary Company,SOUTHERN RIVER,WA,6110
702130167,OLDHAM INVESTMENT HOLDINGS PTY LTD,2026-09-07,Registered,Australian Proprietary Company,ST IVES,NSW,2075
702130201,BP & BT GALEA HOLDINGS PTY LTD,2026-09-07,Registered,Australian Proprietary Company,NORTH SYDNEY,NSW,2060
702130283,BRANFIELD 5306 PTY LTD,2026-09-07,Registered,Australian Proprietary Company,BROADBEACH WATERS,QLD,4218
702130309,KPX GROUP PTY LTD,2026-09-07,Registered,Australian Proprietary Company,CLYDE NORTH,VIC,3978
702130345,ATMATE AUSTRALIA PTY LTD,2026-09-07,Registered,Australian Proprietary Company,EDWARDSTOWN,SA,5039
702130381,WILD DAHLIA BOOKS AND CURIO PTY LTD,2026-09-07,Registered,Australian Proprietary Company,AITKENVALE,QLD,4814
702130505,GOPAL ENERGY 1 PTY LTD,2026-09-07,Registered,Australian Proprietary Company,NEW LAMBTON HEIGHTS,NSW,2305
702130569,SOLANKI MINERALS PTY LTD,2026-09-07,Registered,Australian Proprietary Company,CASTLE HILL,NSW,2154
702130587,SARAH DWYER COUNSELLING PTY LTD,2026-09-07,Registered,Australian Proprietary Company,CLAREMONT,WA,6010
702130747,PAGERT PTY LTD,2026-09-07,Registered,Australian Proprietary Company,MARRICKVILLE,NSW,2204
702130783,SCHNAARS AG LANDHOLDING PTY LTD,2026-09-07,Registered,Australian Proprietary Company,BORDERTOWN,SA,5268
702130827,K&K GLOBAL RESOURCE PTY LTD,2026-09-07,Registered,Australian Proprietary Company,EIGHT MILE PLAINS,QLD,4113
702130845,N45E PTY LTD,2026-09-07,Registered,Australian Proprietary Company,SOUTH PERTH,WA,6151
702130863,DOBRA J SUPER PTY LTD,2026-09-07,Registered,Australian Proprietary Company,SUBIACO,WA,6008
702130907,DETAIL ADELAIDE PTY LTD,2026-09-07,Registered,Australian Proprietary Company,HOLDEN HILL,SA,5088
702130925,ACP SERVICES FEEDER V PTY LIMITED,2026-09-07,Registered,Australian Proprietary Company,SYDNEY,NSW,2000
702131020,RIVERMEAD OPERATOR ASSETS PTY LTD,2026-09-07,Registered,Australian Proprietary Company,SURFERS PARADISE,QLD,4217
702131066,SWARA ENTERPRISES PTY LTD,2026-09-07,Registered,Australian Proprietary Company,CLAYTON SOUTH,VIC,3169
702131244,HONEY PRODUCTS GROUP PTY LTD,2026-09-07,Registered,Australian Proprietary Company,ALKIMOS,WA,6038
702131262,SUNRISE INNOVATIONS SOLUTIONS PTY LTD,2026-09-07,Registered,Australian Proprietary Company,HOMEBUSH WEST,NSW,2140
702131324,RUTKIS FAMILY INVESTMENTS PTY LTD,2026-09-07,Registered,Australian Proprietary Company,ESSENDON,VIC,3040
702131404,AUS TLSY INTERIORS PTY LTD,2026-09-07,Registered,Australian Proprietary Company,BOX HILL,VIC,3128
702131440,AK PROBUILD PTY LTD,2026-09-07,Registered,Australian Proprietary Company,STRATHTULLOH,VIC,3338
702131468,ANDY & JESS HOLDINGS PTY LTD,2026-09-07,Registered,Australian Proprietary Company,WOODEND,VIC,3442
702131486,RMB AUSTRALIA PTY LTD,2026-09-07,Registered,Australian Proprietary Company,SHEPPARTON,VIC,3630
702131548,REDIJ CAPITAL HOLDINGS PTY LTD,2026-09-07,Registered,Australian Proprietary Company,JORDAN SPRINGS,NSW,2747
702131566,YAHWEH ESTATE PTY LTD,2026-09-07,Registered,Australian Proprietary Company,SOUTHPORT,QLD,4215
702131600,RESIDENTIAL GARAGE DOORS PTY LTD,2026-09-07,Registered,Australian Proprietary Company,RINGWOOD NORTH,VIC,3134
702131646,HASIB PTY LTD,2026-09-07,Registered,Australian Proprietary Company,OFFICER,VIC,3809
702131682,PASCOLI ASSET MANAGEMENT PTY LTD,2026-09-07,Registered,Australian Proprietary Company,MARSDEN PARK,NSW,2765
702131708,MARVELLA OFFICIAL PTY LTD,2026-09-07,Registered,Australian Proprietary Company,PRESTONS,NSW,2170
702131744,ALAYYI RETIREMENT FUND PTY LTD,2026-09-07,Registered,Australian Proprietary Company,ROWVILLE,VIC,3178
702131762,SHARAYA ASSOCIATES PTY LTD,2026-09-07,Registered,Australian Proprietary Company,CLYDE,VIC,3978
702131824,CHEEMA TPT PTY LTD,2026-09-07,Registered,Australian Proprietary Company,TARNEIT,VIC,3029
702131842,NAHRAIN GLOBAL IMPORTS PTY LTD,2026-09-07,Registered,Australian Proprietary Company,CRAIGIEBURN,VIC,3064
702131860,SUPPORT AND GROWTH PTY LTD,2026-09-07,Registered,Australian Proprietary Company,LURNEA,NSW,2170
702131904,CAR WITH A DRIVER PTY LTD,2026-09-07,Registered,Australian Proprietary Company,GLENMORE PARK,NSW,2745
702131940,THAYNE INDICH INVESTMENTS PTY. LTD.,2026-09-07,Registered,Australian Proprietary Company,NEWMAN,WA,6753
702131968,HAYES LAND HOLDINGS PTY LTD,2026-09-07,Registered,Australian Proprietary Company,ASHMORE,QLD,4214
702132009,CEYLONIX GROUP PTY LTD,2026-09-07,Registered,Australian Proprietary Company,BAYSWATER,WA,6053
702132045,AMMTEC PTY LTD,2026-09-07,Registered,Australian Proprietary Company,DARWIN CITY,NT,0800
702132081,BCA SUPPLIES PTY LTD,2026-09-07,Registered,Australian Proprietary Company,TAMARAMA,NSW,2026
702132125,SPUR CIVIL PTY LTD,2026-09-07,Registered,Australian Proprietary Company,CARINGBAH,NSW,2229
702132205,WAYFARER PARTNERS PTY LTD,2026-09-07,Registered,Australian Proprietary Company,ALEXANDRIA,NSW,2015
702132241,R&R BROTHERS CO. PTY LTD,2026-09-07,Registered,Australian Proprietary Company,CRAIGIEBURN,VIC,3064
702132269,WZJL PTY LTD,2026-09-07,Registered,Australian Proprietary Company,BELLA VISTA,NSW,2153
702132287,MOODY AUTOMOTIVE GROUP PTY LTD,2026-09-07,Registered,Australian Proprietary Company,BYFORD,WA,6122
702132303,SPECTRUM JIU JITSU SPORTS COMBAT PTY LTD,2026-09-07,Registered,Australian Proprietary Company,MILL PARK,VIC,3082
702132349,KINGZ VILLA PTY LTD,2026-09-07,Registered,Australian Proprietary Company,CRANBOURNE EAST,VIC,3977
702132465,ROYCE & CO LAW PTY LTD,2026-09-07,Registered,Australian Proprietary Company,PASCOE VALE,VIC,3044
702132527,PEARLER PLUMBING PTY LTD,2026-09-07,Registered,Australian Proprietary Company,HILLSDALE,NSW,2036
702132545,YIRA VENTURES AUSTRALIA PTY LTD,2026-09-07,Registered,Australian Proprietary Company,OSBORNE PARK,WA,6017
702132581,APF GREENBRIDGE PTY LTD,2026-09-07,Registered,Australian Proprietary Company,ADELAIDE,SA,5000
702132723,RAVNET TECHNOLOGIES PTY LTD,2026-09-07,Registered,Australian Proprietary Company,SEVEN HILLS,NSW,2147
702132787,CLOSER CARE NURSING PTY LTD,2026-09-07,Registered,Australian Proprietary Company,PARRAMATTA,NSW,2150
702132821,GOODAYS GROUP PTY LTD,2026-09-07,Registered,Australian Proprietary Company,KEYSBOROUGH,VIC,3173
702132849,SHOTOGRAPHY SOFTWARE PTY LTD,2026-09-07,Registered,Australian Proprietary Company,BALWYN NORTH,VIC,3104
702132901,SUGARLAND HEALTHCARE HOLDINGS PTY LTD,2026-09-07,Registered,Australian Proprietary Company,MILLBANK,QLD,4670
702132965,JK BAILEY GROUP PTY LTD,2026-09-07,Registered,Australian Proprietary Company,BOORAL,QLD,4655
702132983,AO FRESH PTY LTD,2026-09-07,Registered,Australian Proprietary Company,GLADESVILLE,NSW,2111
702133042,PANTYPOST PTY LTD,2026-09-07,Registered,Australian Proprietary Company,ARGENTON,NSW,2284
702133060,K2D HOLMES GROUP PTY LTD,2026-09-07,Registered,Australian Proprietary Company,TOOWOOMBA,QLD,4350
702133088,MEDV2 PTY LTD,2026-09-07,Registered,Australian Proprietary Company,AUBURN,NSW,2144
702133140,CLIFF SCAFFOLDINGS AUSTRALIA PTY LTD,2026-09-07,Registered,Australian Proprietary Company,SYDNEY,NSW,2000
702133186,SOUNDS OF THE INDIGO SKY PTY LTD,2026-09-07,Registered,Australian Proprietary Company,OAKLEIGH,VIC,3166
702133202,CROSSROADS WELLNESS PTY LTD,2026-09-07,Registered,Australian Proprietary Company,TAYLORS HILL,VIC,3037
702133266,MIDWITHME AUSTRALIA PTY LTD,2026-09-07,Registered,Australian Proprietary Company,WEST PERTH,WA,6005
702133284,JG BROUN PROPERTIES PTY LTD,2026-09-07,Registered,Australian Proprietary Company,SPREYTON,TAS,7310
702133300,BINGYAMA PTY LTD,2026-09-07,Registered,Australian Proprietary Company,ABBOTSFORD,VIC,3067
702133328,GEMINI PROJECT DELIVERY PTY LTD,2026-09-07,Registered,Australian Proprietary Company,BRISBANE CITY,QLD,4000
702133408,AUSTRALIAN FURNITURE GRP PTY LTD,2026-09-07,Registered,Australian Proprietary Company,TRUGANINA,VIC,3029
702133462,YIRA AMS PTY LTD,2026-09-07,Registered,Australian Proprietary Company,OSBORNE PARK,WA,6017
702133588,PIVOTAL ONYX PTY LTD,2026-09-07,Registered,Australian Proprietary Company,TRARALGON,VIC,3844
702133702,J&LN SUPERANNUATION PTY LTD,2026-09-07,Registered,Australian Proprietary Company,REDLAND BAY,QLD,4165
702133720,PRIME TIME ASSETS PTY LTD,2026-09-07,Registered,Australian Proprietary Company,OSBORNE PARK,WA,6017
702133766,CLEAR WATER LANDSCAPES PTY LTD,2026-09-07,Registered,Australian Proprietary Company,BATEAU BAY,NSW,2261
702133784,ON AND ON CAFE PTY LTD,2026-09-07,Registered,Australian Proprietary Company,SOUTHPORT,QLD,4215
702133800,INJURIA PTY LTD,2026-09-07,Registered,Australian Proprietary Company,EDGEWORTH,NSW,2285
702133882,OVELO PTY LTD,2026-09-07,Registered,Australian Proprietary Company,MALVERN,VIC,3144
702133980,PD REILLY PHARMACY PTY LTD,2026-09-07,Registered,Australian Proprietary Company,BUNDALL,QLD,4217
702134049,J&H CHEF PTY LTD,2026-09-07,Registered,Australian Proprietary Company,HURLSTONE PARK,NSW,2193
702134209,ABDULLAH AHMED HOLDINGS PTY LTD,2026-09-07,Registered,Australian Proprietary Company,CASTLE HILL,NSW,2154
702134263,SMITHY'S ENGINEERING PTY LTD,2026-09-07,Registered,Australian Proprietary Company,SHEPPARTON,VIC,3630
702134361,M&G HOSPITALITY GROUP PTY LTD,2026-09-07,Registered,Australian Proprietary Company,GLEN INNES,NSW,2370
702134441,TRIPLE H SMSF PTY LTD,2026-09-07,Registered,Australian Proprietary Company,BRISBANE CITY,QLD,4000
702134469,NATGEN SW26 PTY LTD,2026-09-07,Registered,Australian Proprietary Company,COOMERA,QLD,4209
702134503,88NLT SUPER PTY LTD,2026-09-07,Registered,Australian Proprietary Company,EMU PARK,QLD,4710
702134567,MJ FUTURE HOMES PTY LTD,2026-09-07,Registered,Australian Proprietary Company,DANDENONG,VIC,3175
702134629,AJF CONSULTING PTY LTD,2026-09-07,Registered,Australian Proprietary Company,MALVERN,VIC,3144
702134745,L&J CONSTRUCTIONS PTY LTD,2026-09-07,Registered,Australian Proprietary Company,DALMENY,NSW,2546
702134763,KARIONG INVESTMENTS PTY LTD,2026-09-07,Registered,Australian Proprietary Company,BAULKHAM HILLS,NSW,2153
702134843,CLOUDFORM GROUP PTY LTD,2026-09-07,Registered,Australian Proprietary Company,GLENELG NORTH,SA,5045
702134969,TRUEGUARD CLEANING SERVICES PTY LTD,2026-09-07,Registered,Australian Proprietary Company,CLYDE NORTH,VIC,3978
702135082,SRAN31 ENTERPRISES PTY LTD,2026-09-07,Registered,Australian Proprietary Company,PENDLE HILL,NSW,2145
702135144,GAMBALLONI PROPERTY PTY LTD,2026-09-07,Registered,Australian Proprietary Company,WOLLONGONG,NSW,2500
702135162,TASM DENTAL PTY LTD,2026-09-07,Registered,Australian Proprietary Company,EVANSTON GARDENS,SA,5116
702135206,DEEP PROFESSIONAL SERVICES PTY LTD,2026-09-07,Registered,Australian Proprietary Company,WYNDHAM VALE,VIC,3024
702135304,DAP IT UP PTY LTD,2026-09-07,Registered,Australian Proprietary Company,SURFERS PARADISE,QLD,4217
702135322,CRMMF PTY LTD,2026-09-07,Registered,Australian Proprietary Company,GREYSTANES,NSW,2145
702135420,FELTBY PTY LTD,2026-09-07,Registered,Australian Proprietary Company,BRIGHTON-LE-SANDS,NSW,2216
702135528,BREDA FAMILY SUPER FUND NOMINEES PTY LTD,2026-09-07,Registered,Australian Proprietary Company,ADELAIDE,SA,5000
702135546,PROBATIVE PTY LTD,2026-09-07,Registered,Australian Proprietary Company,ARMADALE,VIC,3143
702135626,CHALLENGE SECURITY OPERATIONS PTY LTD,2026-09-07,Registered,Australian Proprietary Company,GLADSTONE PARK,VIC,3043
702135644,AUSSIE CUP CO PTY LTD,2026-09-07,Registered,Australian Proprietary Company,BUSSELTON,WA,6280
702135662,PROVIDENCE HOPE HOMES PTY LTD,2026-09-07,Registered,Australian Proprietary Company,BALCATTA,WA,6021
702135706,KARAN TRANSPORT SOLUTIONS PTY LTD,2026-09-07,Registered,Australian Proprietary Company,ST CLAIR,NSW,2759
702135742,RONNIE INVESTMENTS PTY LTD,2026-09-07,Registered,Australian Proprietary Company,HOPPERS CROSSING,VIC,3029
702135760,BRAMPTON LANDCO PTY LTD,2026-09-07,Registered,Australian Proprietary Company,BRISBANE CITY,QLD,4000
702135804,CLARKE COASTAL GROUP PTY LTD,2026-09-07,Registered,Australian Proprietary Company,PELICAN WATERS,QLD,4551
702135822,CROWNE EMPLOYEES PTY LTD,2026-09-07,Registered,Australian Proprietary Company,GREENACRE,NSW,2190
702135868,MAVI BABY PTY LTD,2026-09-08,Registered,Australian Proprietary Company,SPRING HILL,QLD,4000
702135920,TRIDENT MC PTY LTD,2026-09-07,Registered,Australian Proprietary Company,ELTHAM,VIC,3095
702136061,AYAHLY AUS PTY LTD,2026-09-07,Registered,Australian Proprietary Company,SALISBURY EAST,SA,5109
702136089,SWEENEY FAMILY PTY LTD,2026-09-07,Registered,Australian Proprietary Company,PERTH,WA,6000
702136123,ZO PROPERTY MANAGEMENT PTY LTD,2026-09-07,Registered,Australian Proprietary Company,ADELAIDE,SA,5000
702136169,SERENDIP GLOBAL PTY LTD,2026-09-07,Registered,Australian Proprietary Company,BARDIA,NSW,2565
702136203,QSEF 2A PTY LIMITED,2026-09-07,Registered,Australian Proprietary Company,SYDNEY,NSW,2000
702136221,QSEF 2B PTY LIMITED,2026-09-07,Registered,Australian Proprietary Company,SYDNEY,NSW,2000
702136249,QSEF 2D PTY LIMITED,2026-09-07,Registered,Australian Proprietary Company,SYDNEY,NSW,2000
702136267,QSEF 2 GP PTY LIMITED,2026-09-07,Registered,Australian Proprietary Company,SYDNEY,NSW,2000
702136285,QSEF 2 MANAGEMENT PTY LIMITED,2026-09-07,Registered,Australian Proprietary Company,SYDNEY,NSW,2000
702136329,HGK INVESTMENTS CO PTY LTD,2026-09-07,Registered,Australian Proprietary Company,SOUTHBANK,VIC,3006
702136383,JJ & VIRK PTY LTD,2026-09-07,Registered,Australian Proprietary Company,DOOLANDELLA,QLD,4077
702136445,SALTERRA CHARTERS PTY LTD,2026-09-07,Registered,Australian Proprietary Company,MYSTERTON,QLD,4812
702136525,KAURLINK SERVICES PTY LTD,2026-09-08,Registered,Australian Proprietary Company,BLACKTOWN,NSW,2148
702136543,J3 PROPERTY (NSW) PTY LTD,2026-09-07,Registered,Australian Proprietary Company,QUEANBEYAN WEST,NSW,2620
702136605,DAHUA CONSTRUCTION PTY LTD,2026-09-07,Registered,Australian Proprietary Company,ROBERTSON,QLD,4109
702136623,APRILE SUPER PTY LTD,2026-09-07,Registered,Australian Proprietary Company,BALWYN,VIC,3103
702136641,MALIBU HOSPITALITY PTY LTD,2026-09-07,Registered,Australian Proprietary Company,EAGLE FARM,QLD,4009
702136669,AYAH CONSULTANTS PTY LTD,2026-09-07,Registered,Australian Proprietary Company,TRUGANINA,VIC,3029
702136703,AK KINDEE PTY LTD,2026-09-07,Registered,Australian Proprietary Company,BUTLER,WA,6036
702136829,DESIRE PORT PTY LTD,2026-09-07,Registered,Australian Proprietary Company,MORAYFIELD,QLD,4506
702136945,SUNLESS MEDIA GROUP PTY LTD,2026-09-07,Registered,Australian Proprietary Company,MOLENDINAR,QLD,4214
702137086,RASEKHI INVESTMENT PTY LTD,2026-09-07,Registered,Australian Proprietary Company,SALISBURY EAST,SA,5109
702137148,SWEENEY DEVELOPMENTS WA PTY LTD,2026-09-07,Registered,Australian Proprietary Company,PERTH,WA,6000
702137166,NO LEAD LOST PTY LTD,2026-09-07,Registered,Australian Proprietary Company,BRISBANE CITY,QLD,4000
702137200,VALCOR SOLUTIONS PTY LTD,2026-09-07,Registered,Australian Proprietary Company,VILLAWOOD,NSW,2163
702137228,ALMA-JANE O'DONNELL CONSULTANCY PTY LTD,2026-09-07,Registered,Australian Proprietary Company,MILE END,SA,5031
702137246,BIMZI PTY LTD,2026-09-08,Registered,Australian Proprietary Company,POINT COOK,VIC,3030
702137308,GHULLA TRAVEL SERVICES PTY LTD,2026-09-07,Registered,Australian Proprietary Company,AVELEY,WA,6069
702137326,HOLLYGOLF BARE PTY LTD,2026-09-07,Registered,Australian Proprietary Company,BANKSIA BEACH,QLD,4507
702137406,RATP GISPS PTY LTD,2026-09-07,Registered,Australian Proprietary Company,NORWOOD,SA,5067
702137424,STHAPNA INVESTMENT PTY LTD,2026-09-08,Registered,Australian Proprietary Company,BRISBANE CITY,QLD,4000
702137488,CHAINLINK HOLDINGS PTY LTD,2026-09-07,Registered,Australian Proprietary Company,CHAPEL HILL,QLD,4069
702137522,JMCCG HOLDING COMPANY PTY LTD,2026-09-08,Registered,Australian Proprietary Company,BELLEVUE HILL,NSW,2023
702137602,ZBS TYRES PTY LTD,2026-09-07,Registered,Australian Proprietary Company,ELLENBROOK,WA,6069
702137620,PEPINO FAMILY HOLDINGS PTY LIMITED,2026-09-07,Registered,Australian Proprietary Company,NORWEST,NSW,2153
702137728,VALDARA OPERATIONS PTY LTD,2026-09-07,Registered,Australian Proprietary Company,BARTON,ACT,2600
702137782,SI BUILDING SERVICES PTY LTD,2026-09-07,Registered,Australian Proprietary Company,BRISBANE CITY,QLD,4000
702137808,VALDARA TECHNOLOGIES PTY LTD,2026-09-07,Registered,Australian Proprietary Company,BARTON,ACT,2600
702138127,MARSHYL TECHNOLOGIES PTY LTD,2026-09-07,Registered,Australian Proprietary Company,GREENSLOPES,QLD,4120
702138163,ZENIFIR SMSF PTY LTD,2026-09-08,Registered,Australian Proprietary Company,ASCOT VALE,VIC,3032
702138369,RYSO GLOBAL PTY LTD,2026-09-07,Registered,Australian Proprietary Company,RINGWOOD,VIC,3134
702138403,ONLY PAY PTY. LTD,2026-09-07,Registered,Australian Proprietary Company,ALLAMBIE HEIGHTS,NSW,2100
702138467,SARDAR FREIGHT PTY LTD,2026-09-07,Registered,Australian Proprietary Company,PARK RIDGE,QLD,4125
702138501,DGREOFIXING PTY LTD,2026-09-08,Registered,Australian Proprietary Company,TURRELLA,NSW,2205
702138529,SHAH CONTRACTING PTY LTD,2026-09-07,Registered,Australian Proprietary Company,WALLAN,VIC,3756
702138609,PROKIDS EDUCATION GROUP PTY LTD,2026-09-07,Registered,Australian Proprietary Company,PICTON,NSW,2571
702138841,AMHERST INVEST PTY LTD,2026-09-07,Registered,Australian Proprietary Company,TARNEIT,VIC,3029
702138887,MANTLE PROPERTY PTY LTD,2026-09-07,Registered,Australian Proprietary Company,PERTH,WA,6000
702138921,DONAGHY SMSF INVESTMENTS PTY LTD,2026-09-07,Registered,Australian Proprietary Company,PIARA WATERS,WA,6112
702138949,NAPLES 1 PTY LTD,2026-09-07,Registered,Australian Proprietary Company,MELBOURNE,VIC,3004
702139106,ASPIRE POWER PTY LTD,2026-09-07,Registered,Australian Proprietary Company,SEAFORTH,NSW,2092
702139142,HALLIT PTY LTD,2026-09-08,Registered,Australian Proprietary Company,ADELAIDE,SA,5000
702139160,DAVDEM HOLDINGS PTY LTD,2026-09-08,Registered,Australian Proprietary Company,HIGHTON,VIC,3216
702139204,STONE & STUD PTY LTD,2026-09-07,Registered,Australian Proprietary Company,RANDWICK,NSW,2031
702139240,MARSHYL LABS PTY LTD,2026-09-07,Registered,Australian Proprietary Company,GREENSLOPES,QLD,4120
702139482,AYAHLY CO PTY LTD,2026-09-07,Registered,Australian Proprietary Company,SALISBURY EAST,SA,5109
702139526,DRMY HOLDINGS PTY LTD,2026-09-08,Registered,Australian Proprietary Company,EDGECLIFF,NSW,2027
702139768,CHRIS KOLOVOS GROUP PTY LTD,2026-09-07,Registered,Australian Proprietary Company,SOUTHBANK,VIC,3006
702139786,VITABED HEALTHCARE PTY. LTD.,2026-09-07,Registered,Australian Proprietary Company,ERSKINEVILLE,NSW,2043
702139900,ARUM GONG PTY LTD,2026-09-07,Registered,Australian Proprietary Company,SILVERWATER,NSW,2128
702139982,MARRIOTT SYSTEMS PTY LTD,2026-09-07,Registered,Australian Proprietary Company,FIG TREE POCKET,QLD,4069
702140029,MANTLE CONSTRUCTION WA PTY LTD,2026-09-07,Registered,Australian Proprietary Company,PERTH,WA,6000
702140145,CASCIA PROPERTY PTY LTD,2026-09-07,Registered,Australian Proprietary Company,WENTWORTHVILLE,NSW,2145
702140163,MY MATES AND DREAMS PTY LTD,2026-09-07,Registered,Australian Proprietary Company,LENAH VALLEY,TAS,7008
702140225,KIM NHUNG BACH PTY LTD,2026-09-07,Registered,Australian Proprietary Company,HEATHCOTE,VIC,3523
702140305,CBS SECURITY PTY LTD,2026-09-07,Registered,Australian Proprietary Company,SUTHERLAND,NSW,2232
702140369,QUALITY CAULKING SERVICES PTY LTD,2026-09-07,Registered,Australian Proprietary Company,FAIRFIELD,NSW,2165
702140449,HAMILTON HOLDCO PTY LTD,2026-09-07,Registered,Australian Proprietary Company,SYDNEY,NSW,2000
702140501,CELATUS PTY LTD,2026-09-07,Registered,Australian Proprietary Company,STANTHORPE,QLD,4380
702140627,ATC MASONRY PTY. LTD.,2026-09-08,Registered,Australian Proprietary Company,MOULDEN,NT,0830
702140805,CLZK SCOTT PROPERTY PTY LTD,2026-09-07,Registered,Australian Proprietary Company,SOUTH PERTH,WA,6151
702140841,QLD SHED COMPANY PTY LTD,2026-09-07,Registered,Australian Proprietary Company,BRINSMEAD,QLD,4870
702141008,MAGPIE GUILD PTY LTD,2026-09-08,Registered,Australian Proprietary Company,RUNNYFORD,NSW,2536
702141142,TRUE NORTH ASSOCIATES PTY LTD,2026-09-07,Registered,Australian Proprietary Company,HILLARYS,WA,6025
702141188,WILDINGS FUTURES PTY LTD,2026-09-07,Registered,Australian Proprietary Company,BUTLER,WA,6036
702141222,NIKOLETA AL ZAATARI PTY. LTD.,2026-09-07,Registered,Australian Proprietary Company,MILL PARK,VIC,3082
702141428,SPB PLUMBING GAS AND TRADE SERVICES PTY LTD,2026-09-07,Registered,Australian Proprietary Company,ASHCROFT,NSW,2168
702141482,INTEGRATED TECHNICAL COUNTERMEASURES PTY LTD,2026-09-07,Registered,Australian Proprietary Company,SPRING HILL,QLD,4000
702141562,LEGACY FITNESS NT PTY LTD,2026-09-07,Registered,Australian Proprietary Company,YARRAWONGA,NT,0830
702141688,GOLDEN WATTLE PROJECTS PTY LTD,2026-09-07,Registered,Australian Proprietary Company,IVANHOE,VIC,3079
702141704,UNIVERSAL DENTAL STUDIO HOLDINGS PTY LTD,2026-09-07,Registered,Australian Proprietary Company,TARNEIT,VIC,3029
702141722,HAMILTON BIDCO PTY LTD,2026-09-07,Registered,Australian Proprietary Company,SYDNEY,NSW,2000
702141740,N4U GROUP PTY LTD,2026-09-07,Registered,Australian Proprietary Company,MELBOURNE,VIC,3000
702141820,T BROS PTY LTD,2026-09-07,Registered,Australian Proprietary Company,MERRYLANDS,NSW,2160
702141946,ENFRANCHISE FINANCIAL PTY LTD,2026-09-07,Registered,Australian Proprietary Company,SUBIACO,WA,6008
702142087,NOVO GROUT AND SEAL MELBOURNE PTY LTD,2026-09-07,Registered,Australian Proprietary Company,DANDENONG,VIC,3175
702142121,JOMI GROUP PTY LTD,2026-09-07,Registered,Australian Proprietary Company,LYNWOOD,WA,6147
702142149,PAGERT INVESTMENTS PTY LTD,2026-09-07,Registered,Australian Proprietary Company,MARRICKVILLE,NSW,2204
702142443,BARGAIN BUCCS PTY LTD,2026-09-07,Registered,Australian Proprietary Company,HARRINGTON PARK,NSW,2567
702142505,ARGUS TECHNOLOGY PTY LTD,2026-09-07,Registered,Australian Proprietary Company,MARSDEN PARK,NSW,2765
702142523,THREE'S A NUMBER PTY LTD,2026-09-07,Registered,Australian Proprietary Company,STRATFORD,QLD,4870
702142621,GUMTREE HILL SOLUTIONS PTY LTD,2026-09-08,Registered,Australian Proprietary Company,COORAN,QLD,4569
702142925,KARTEL TRANSPORT PTY LTD,2026-09-07,Registered,Australian Proprietary Company,BANKSTOWN,NSW,2200
702143084,PEAK PERSPECTIVES TRAVEL CO. PTY LTD,2026-09-07,Registered,Australian Proprietary Company,ALBANY CREEK,QLD,4035
702143100,TAHUAROA PTY LTD,2026-09-07,Registered,Australian Proprietary Company,FORTITUDE VALLEY,QLD,4006
702143182,VIRMANI ENTERPRISES PTY LTD,2026-09-07,Registered,Australian Proprietary Company,WINSTON HILLS,NSW,2153
702143404,GENERATIONKIND AUSTRALIA LTD,2026-09-08,Registered,Australian Public Company,WEST END,QLD,4101
702143468,MATTU LINE LOGISTICS PTY LTD,2026-09-07,Registered,Australian Proprietary Company,BROOKFIELD,VIC,3338
702143646,RANDHAWA SISTERS PTY LTD,2026-09-07,Registered,Australian Proprietary Company,MAIDEN GULLY,VIC,3551
702143744,F LOPA NOMINEES PTY LTD,2026-09-07,Registered,Australian Proprietary Company,ST MARYS,NSW,2760
702143860,KS CHEEMA FRIEGHTERS PTY LTD,2026-09-07,Registered,Australian Proprietary Company,BLACKTOWN,NSW,2148
702143888,MUNDANE SOLUTIONS PTY LTD,2026-09-07,Registered,Australian Proprietary Company,SOUTH MORANG,VIC,3752
702144045,DM FIALUA NOMINEES PTY LTD,2026-09-08,Registered,Australian Proprietary Company,ST ANDREWS,NSW,2566
702144189,NOTCHWELL PTY LTD,2026-09-08,Registered,Australian Proprietary Company,RHODES,NSW,2138
702144241,NEXUS INTEGRATED SOLUTIONS PTY LTD,2026-09-07,Registered,Australian Proprietary Company,CRAIGIEBURN,VIC,3064
702144303,DK LIQUOR PTY LTD,2026-09-07,Registered,Australian Proprietary Company,DEER PARK,VIC,3023
702144401,OPERASTACK PTY LTD,2026-09-08,Registered,Australian Proprietary Company,VICTORIA POINT,QLD,4165
702144661,EQUIPOISE LEGAL PTY LTD,2026-09-07,Registered,Australian Proprietary Company,CREMORNE,NSW,2090
702145006,VANT PTY LTD,2026-09-07,Registered,Australian Proprietary Company,SOUTH MORANG,VIC,3752
702145060,ISXOS PTY LTD,2026-09-08,Registered,Australian Proprietary Company,PENRITH,NSW,2750
702145104,LK PROFESSIONAL GROUP PTY LTD,2026-09-07,Registered,Australian Proprietary Company,EASTWOOD,NSW,2122
702145168,SAMOTRA SERVICES PTY LTD,2026-09-07,Registered,Australian Proprietary Company,SMITHFIELD,NSW,2164
702145364,QONNECTIVE PTY LTD,2026-09-07,Registered,Australian Proprietary Company,CAMMERAY,NSW,2062
702145462,S & J PROPERTY CO PTY LTD,2026-09-07,Registered,Australian Proprietary Company,CARINDALE,QLD,4152
702145702,LINNNLI PTY LTD,2026-09-08,Registered,Australian Proprietary Company,HURSTVILLE,NSW,2220
702145766,TEEVIA GOLF PTY LTD,2026-09-08,Registered,Australian Proprietary Company,KEDRON,QLD,4031
702146183,VALOR PROTECTION GROUP PTY LTD,2026-09-07,Registered,Australian Proprietary Company,KEILOR DOWNS,VIC,3038
702146227,SANGHIL GLOBAL PARTNERS PTY LTD,2026-09-08,Registered,Australian Proprietary Company,TARNEIT,VIC,3029
702146263,TIME THEORY PTY LTD,2026-09-07,Registered,Australian Proprietary Company,ROUSE HILL,NSW,2155
702146343,YUN AUSTRALIA PTY LTD,2026-09-07,Registered,Australian Proprietary Company,HUGHESDALE,VIC,3166
702146423,SERGENT PTY LTD,2026-09-07,Registered,Australian Proprietary Company,BEROWRA,NSW,2081
702146503,KANAGARATHINAM GOLD JEWELLERY PTY LTD,2026-09-07,Registered,Australian Proprietary Company,PENDLE HILL,NSW,2145
702146825,MANS IT PTY. LTD.,2026-09-07,Registered,Australian Proprietary Company,BOX HILL,NSW,2765
702146843,EXPRESSBI PTY LTD,2026-09-08,Registered,Australian Proprietary Company,SPENCE,ACT,2615
702146889,HENKAR HOLDINGS PTY LTD,2026-09-08,Registered,Australian Proprietary Company,ELLENBROOK,WA,6069
702146905,NEW CLASS TAX ACCOUNTING PTY LTD,2026-09-07,Registered,Australian Proprietary Company,NORWEST,NSW,2153
702146941,ZCT BEAUTY PTY LTD,2026-09-07,Registered,Australian Proprietary Company,CLAYTON SOUTH,VIC,3169
702146987,AUSTRALIAN PRUDENTIAL SERVICES PTY LTD,2026-09-07,Registered,Australian Proprietary Company,DRUMMOYNE,NSW,2047
702147064,NOBLE EDUCATION INITIATIVE LTD,2026-09-08,Registered,Australian Public Company,MELTON SOUTH,VIC,3338
702147288,BRAHMBHATT HOLDINGS PTY LTD,2026-09-07,Registered,Australian Proprietary Company,NORTHFIELD,SA,5085
702147386,WATTLE GROVE OPERATIONS CO PTY LTD,2026-09-07,Registered,Australian Proprietary Company,LEEDERVILLE,WA,6007
702147402,WANNEROO OPERATIONS CO PTY LTD,2026-09-07,Registered,Australian Proprietary Company,LEEDERVILLE,WA,6007
702147448,A&E GROUP SERVICES PTY. LTD,2026-09-07,Registered,Australian Proprietary Company,CASULA,NSW,2170
702147466,EZY EXPRESS PTY LTD,2026-09-07,Registered,Australian Proprietary Company,KEMPS CREEK,NSW,2178
702147528,VERIVA PTY LTD,2026-09-08,Registered,Australian Proprietary Company,MITCHELTON,QLD,4053
702147680,VELOXIS PTY LTD,2026-09-08,Registered,Australian Proprietary Company,DUNDAS VALLEY,NSW,2117
702147724,KELP CALM PTY LTD,2026-09-07,Registered,Australian Proprietary Company,SHOREWELL PARK,TAS,7320
702147788,ZJX PTY LTD,2026-09-07,Registered,Australian Proprietary Company,GUILDFORD,NSW,2161
702147886,BRAGGSENSE TECHNOLOGIES PTY LTD,2026-09-08,Registered,Australian Proprietary Company,PARRAMATTA,NSW,2150
702147948,PRK CARE PTY LTD,2026-09-07,Registered,Australian Proprietary Company,CAMPBELLTOWN,NSW,2560
702147966,OMEKUS PTY LTD,2026-09-08,Registered,Australian Proprietary Company,MORTDALE,NSW,2223
702148301,DSB LOGISTICS PTY LTD,2026-09-07,Registered,Australian Proprietary Company,DARLINGHURST,NSW,2010
702148445,ORIGINRANK DIGITAL PTY LTD,2026-09-08,Registered,Australian Proprietary Company,CLAYTON,VIC,3168
702148749,G3 PLUMBING & GAS PTY LTD.,2026-09-07,Registered,Australian Proprietary Company,CHAPMAN HILL,WA,6280
702148829,TAO FASHION PTY LTD,2026-09-07,Registered,Australian Proprietary Company,CAMPSIE,NSW,2194
702148883,WESTCORE CONSTRUCTION GROUP PTY LTD,2026-09-08,Registered,Australian Proprietary Company,BRABHAM,WA,6055
702149086,AVEN & CO PTY LTD,2026-09-08,Registered,Australian Proprietary Company,ASHFIELD,NSW,2131
702149246,GILL & CO PARTNERS PTY LTD,2026-09-08,Registered,Australian Proprietary Company,MUNNO PARA,SA,5115
702149264,KICKS DISTRICT TRADING PTY LTD,2026-09-08,Registered,Australian Proprietary Company,ASHFIELD,NSW,2131
702149308,BRUSHEDGE PAINTING PTY LTD,2026-09-08,Registered,Australian Proprietary Company,PLUMPTON,NSW,2761
702149380,CX SURREY PTY LTD,2026-09-08,Registered,Australian Proprietary Company,ADELAIDE,SA,5000
702149442,CONCRETE PROJECTS AUSTALIA PTY LTD,2026-09-08,Registered,Australian Proprietary Company,POTTSVILLE,NSW,2489
702149586,BLUE SPHYNX CONSULTING PTY LTD,2026-09-08,Registered,Australian Proprietary Company,MOUNT LAWLEY,WA,6050
702149666,GC.COM.AU PTY LTD,2026-09-08,Registered,Australian Proprietary Company,ROBINA,QLD,4226
702149700,MAJUVE CLEANING PTY LTD,2026-09-08,Registered,Australian Proprietary Company,MOUNT KURING-GAI,NSW,2080
702149764,RENTAL GROUNDS PTY LTD,2026-09-08,Registered,Australian Proprietary Company,EPSOM,VIC,3551
702150123,BLACKSTONE LOGISTICS PTY LTD,2026-09-08,Registered,Australian Proprietary Company,TRUGANINA,VIC,3029
702150203,NN MANAGEMENT GROUP PTY LTD,2026-09-08,Registered,Australian Proprietary Company,MONTEREY,NSW,2217
702150329,ALUEL ALEER PTY LTD,2026-09-08,Registered,Australian Proprietary Company,MIDVALE,WA,6056
702150409,C&G PROJECT CONSULTANTS PTY LTD,2026-09-08,Registered,Australian Proprietary Company,WINDAROO,QLD,4207
702150481,NIVLAG PTY LTD,2026-09-08,Registered,Australian Proprietary Company,TOOWONG,QLD,4066
702150507,DIDIT ID (AUSTRALIA) PTY LTD,2026-09-08,Registered,Australian Proprietary Company,NORTH SYDNEY,NSW,2060
702150605,REYNOLDS SPIERS SUPER PTY LTD,2026-09-08,Registered,Australian Proprietary Company,BRISBANE CITY,QLD,4000
702150623,DENARIE CAPITAL PTY LTD,2026-09-08,Registered,Australian Proprietary Company,NEWMARKET,QLD,4051
702150801,ROVA PLUS PTY LTD,2026-09-08,Registered,Australian Proprietary Company,DIANELLA,WA,6059
702150883,AUTO WORKFLOW GROUP PTY LTD,2026-09-08,Registered,Australian Proprietary Company,CABRAMATTA,NSW,2166
702150909,NORTHERN TERRITORY EARLY EDUCATION PTY LTD,2026-09-08,Registered,Australian Proprietary Company,TOOWOOMBA,QLD,4350
702150963,NEXHAUL PTY LTD,2026-09-08,Registered,Australian Proprietary Company,TARNEIT,VIC,3029
702151004,LIVE SHOPPING CHANNEL PTY LTD,2026-09-08,Registered,Australian Proprietary Company,KEW EAST,VIC,3102
702151040,WEST COAST PRIVATE EQUITY PTY LTD,2026-09-08,Registered,Australian Proprietary Company,JOONDALUP,WA,6027
702151166,REVOLVE FESTIVAL PTY LTD,2026-09-08,Registered,Australian Proprietary Company,SYDNEY,NSW,2000
702151184,TRAFFICSYNC GROUP PTY LTD,2026-09-08,Registered,Australian Proprietary Company,WEST PERTH,WA,6005
702151228,ZEN FULFILLMENT PTY. LTD.,2026-09-08,Registered,Australian Proprietary Company,RICHMOND,SA,5033
702151246,MACONDA AUSTRALIA PTY LTD,2026-09-08,Registered,Australian Proprietary Company,PERTH,WA,6000
702151282,HEIPALA PTY LTD,2026-09-08,Registered,Australian Proprietary Company,LOFTUS,NSW,2232
702151308,MAR CRISTALINO PTY LTD,2026-09-08,Registered,Australian Proprietary Company,BRISBANE CITY,QLD,4000
702151380,J & A HUGHES PTY LTD,2026-09-08,Registered,Australian Proprietary Company,ADELAIDE,SA,5000
702151406,VEGNERS FAMILY PTY LIMITED,2026-09-08,Registered,Australian Proprietary Company,DENHAM COURT,NSW,2565
702151442,SWEATDESK PTY LTD,2026-09-08,Registered,Australian Proprietary Company,STONES CORNER,QLD,4120
702151460,IRONSTONE SUPER HOLDINGS PTY LTD,2026-09-08,Registered,Australian Proprietary Company,NORTH LAKES,QLD,4509
702151522,AEGEAN ND HOLDINGS PTY LTD,2026-09-08,Registered,Australian Proprietary Company,BRAESIDE,VIC,3195
702151568,MELENEUM PTY LTD,2026-09-08,Registered,Australian Proprietary Company,UPPER COOMERA,QLD,4209
702151586,WIDE BAY CLASSIC AUTOMOBILE RENTAL SERVICE PTY LTD,2026-09-08,Registered,Australian Proprietary Company,PIALBA,QLD,4655
702151602,JD PACKER SERVICES PTY LTD,2026-09-08,Registered,Australian Proprietary Company,LEPPINGTON,NSW,2179
702151620,LINKFOUNDRY PTY LTD,2026-09-08,Registered,Australian Proprietary Company,DONCASTER EAST,VIC,3109
702151684,KILLAVEES6 PTY LTD,2026-09-08,Registered,Australian Proprietary Company,WAGGA WAGGA,NSW,2650
702151728,KRC CONCRETE SOLUTIONS PTY LIMITED,2026-09-08,Registered,Australian Proprietary Company,DENHAM COURT,NSW,2565
702151808,SLYY DELIVERY PTY. LTD.,2026-09-08,Registered,Australian Proprietary Company,HADFIELD,VIC,3046
702151826,NLML INVESTMENTS PTY LTD,2026-09-08,Registered,Australian Proprietary Company,MANLY WEST,QLD,4179
702151844,PRECISION CRAFTED PTY LTD,2026-09-08,Registered,Australian Proprietary Company,MARSDEN,QLD,4132
702151862,JOLEAL SUPER PTY LTD,2026-09-08,Registered,Australian Proprietary Company,YARRAWONGA,VIC,3730
702151880,J.T GUTHRIE INVESTMENTS PTY LTD,2026-09-08,Registered,Australian Proprietary Company,SHERWOOD,QLD,4075
702151960,MT&RGA INVESTMENTS PTY LTD,2026-09-08,Registered,Australian Proprietary Company,LUCAS,VIC,3350
702152001,PRESTIGE ADVERTS PTY LTD,2026-09-08,Registered,Australian Proprietary Company,POINT COOK,VIC,3030
702152047,STAY HUMBLE PROPERTY PTY LTD,2026-09-08,Registered,Australian Proprietary Company,GRIFFITH,ACT,2603
702152243,ROD PROPERTY GROUP PTY LTD,2026-09-08,Registered,Australian Proprietary Company,NEW FARM,QLD,4005
702152261,ROGUE UNIT PTY LTD,2026-09-08,Registered,Australian Proprietary Company,MERMAID WATERS,QLD,4218
702152323,EBA COBRAS PTY LTD,2026-09-08,Registered,Australian Proprietary Company,MINYAMA,QLD,4575
702152369,VGR STRUCTURES PTY LTD,2026-09-08,Registered,Australian Proprietary Company,ST LEONARDS,NSW,2065
702152449,STRATA INDUSTRIAL SOLUTIONS PTY LTD,2026-09-08,Registered,Australian Proprietary Company,TUMUT,NSW,2720
702152467,GOLDEN CROWN BREAD & CAKE (WATERLOO) PTY LTD,2026-09-08,Registered,Australian Proprietary Company,NARWEE,NSW,2209
702152485,DEMA INVESTMENT HOLDINGS PTY LTD,2026-09-08,Registered,Australian Proprietary Company,PARRAMATTA,NSW,2150
702152501,ALTERECO LANDSCAPES PTY LTD,2026-09-08,Registered,Australian Proprietary Company,BRIGHTON,VIC,3186
702152529,DOUG'S WELDING SERVICE PTY LTD,2026-09-08,Registered,Australian Proprietary Company,INGHAM,QLD,4850
702152583,AURELIA & CO RECRUITMENT PTY LTD,2026-09-08,Registered,Australian Proprietary Company,DEANSIDE,VIC,3336
702152645,ELERI PTY LTD,2026-09-08,Registered,Australian Proprietary Company,FYSHWICK,ACT,2609
702152663,VRNO STONE PTY LTD,2026-09-08,Registered,Australian Proprietary Company,DANDENONG SOUTH,VIC,3175
702152681,EPH CAPITAL PTY LTD,2026-09-08,Registered,Australian Proprietary Company,PULLENVALE,QLD,4069
702152707,DA&NA CONTRACTING PTY LTD,2026-09-08,Registered,Australian Proprietary Company,GOONDIWINDI,QLD,4390
702152725,ROWDY PIGS PTY LTD,2026-09-08,Registered,Australian Proprietary Company,WARRNAMBOOL,VIC,3280
702152823,OWN WAY PTY LTD,2026-09-08,Registered,Australian Proprietary Company,VARSITY LAKES,QLD,4227
702152921,GVC INDUSTRIAL PTY LTD,2026-09-08,Registered,Australian Proprietary Company,ST LEONARDS,NSW,2065
702153008,CRESTMONT PROPERTY GROUP PTY LTD,2026-09-08,Registered,Australian Proprietary Company,ROSSLYN PARK,SA,5072
702153026,VICTORIA LOGISTICS PTY LTD,2026-09-08,Registered,Australian Proprietary Company,CRANBOURNE NORTH,VIC,3977
702153044,IVY LOGIC PTY LTD,2026-09-08,Registered,Australian Proprietary Company,SYDNEY,NSW,2000
702153106,PROJECT BSO PTY LTD,2026-09-08,Registered,Australian Proprietary Company,SPOTSWOOD,VIC,3015
702153222,SUMMIT ASSET MAINTENANCE PTY LTD,2026-09-08,Registered,Australian Proprietary Company,MOANA,SA,5169
702153366,BANHMI 333 PTY LTD,2026-09-08,Registered,Australian Proprietary Company,CANLEY VALE,NSW,2166
702153400,ASCEND RESTRUCTURING PTY LTD,2026-09-08,Registered,Australian Proprietary Company,EPPING,NSW,2121
702153482,CQ BUILDING AND PROPERTY SERVICES PTY LTD,2026-09-08,Registered,Australian Proprietary Company,NEW AUCKLAND,QLD,4680
702153544,CHRISTIAN REVIVAL CHURCH QUEENSLAND LTD,2026-09-08,Registered,Australian Public Company,LITTLE RIVER,VIC,3211
702153580,HIVE INTERNATIONAL TRADE PTY LTD,2026-09-08,Registered,Australian Proprietary Company,AUBURN,NSW,2144
702153606,MAXAL CIVIL PTY LTD,2026-09-08,Registered,Australian Proprietary Company,WILLIAMSTOWN,SA,5351
702153624,FEEDER LEADS PTY LTD,2026-09-08,Registered,Australian Proprietary Company,BELLERIVE,TAS,7018
702153642,JARRETT ADVISORY PTY LTD,2026-09-08,Registered,Australian Proprietary Company,COLLAROY PLATEAU,NSW,2097
702153660,SIGNALS SHARED SERVICES PTY LTD,2026-09-08,Registered,Australian Proprietary Company,MELBOURNE,VIC,3000
702153688,BRADINA PROJEKT PTY LTD,2026-09-08,Registered,Australian Proprietary Company,YARRAVILLE,VIC,3013
702153740,POWER AUTOMOTIVE GROUP PTY LTD,2026-09-08,Registered,Australian Proprietary Company,PARA HILLS WEST,SA,5096
702153768,BUILDEM ALUMINIUM WINDOWS AND DOORS PTY LTD,2026-09-08,Registered,Australian Proprietary Company,SILVERWATER,NSW,2128
702153802,PLAY HOLDINGS PTY LTD,2026-09-08,Registered,Australian Proprietary Company,SOUTHPORT,QLD,4215
702154149,KEYSTONE FUNNELS PTY LTD,2026-09-08,Registered,Australian Proprietary Company,PORT KENNEDY,WA,6172
702154185,MINEWISE CO PTY. LTD,2026-09-08,Registered,Australian Proprietary Company,BANKSIA GROVE,WA,6031
702154229,JUST CUTS PORT MACQUARIE PTY LTD,2026-09-08,Registered,Australian Proprietary Company,MELBOURNE,VIC,3000
702154327,AMBROSE AND VOLLANS PTY LTD,2026-09-08,Registered,Australian Proprietary Company,ADELAIDE,SA,5000
702154345,JHNA INSIGHTS PTY LTD,2026-09-08,Registered,Australian Proprietary Company,CAPALABA,QLD,4157
702154363,GBM WINDOWS PTY LTD,2026-09-08,Registered,Australian Proprietary Company,GLEN ALPINE,NSW,2560
702154381,PLAY PRIVATE CAPITAL PTY LTD,2026-09-08,Registered,Australian Proprietary Company,SOUTHPORT,QLD,4215
702154425,MYINTY DENTAL PTY LTD,2026-09-08,Registered,Australian Proprietary Company,BRISBANE CITY,QLD,4000
702154621,C66 RETAIL PTY LTD,2026-09-08,Registered,Australian Proprietary Company,SYDNEY,NSW,2000
702154649,HOSBUILT PTY LTD,2026-09-08,Registered,Australian Proprietary Company,GOOGONG,NSW,2620
702154747,HANIG HINE HOLDINGS PTY LTD,2026-09-08,Registered,Australian Proprietary Company,RANDWICK,NSW,2031
702154809,SPV PTY LTD,2026-09-08,Registered,Australian Proprietary Company,WOOMBYE,QLD,4559
702154907,WILKCO FAMILY PTY LTD,2026-09-08,Registered,Australian Proprietary Company,MELBOURNE,VIC,3000
702154943,ADAM GLOBAL CAPITAL PTY LTD,2026-09-08,Registered,Australian Proprietary Company,NARARA,NSW,2250
702154961,MORGAN CONCRETE AND CIVIL PTY LTD,2026-09-08,Registered,Australian Proprietary Company,BURWOOD,NSW,2134
702155048,ASHBROOK AUSTRALIA PTY LTD,2026-09-08,Registered,Australian Proprietary Company,FORCETT,TAS,7173
702155146,MS BUILD & BRICK PTY LTD,2026-09-08,Registered,Australian Proprietary Company,HAYNES,WA,6112
702155208,SRI VENKATESWARA FUELS PTY LTD,2026-09-08,Registered,Australian Proprietary Company,NORTH MELBOURNE,VIC,3051
702155306,JESON PTY LTD,2026-09-08,Registered,Australian Proprietary Company,PARRAMATTA,NSW,2150
702155342,KAPA TRANSPORT PTY LTD,2026-09-08,Registered,Australian Proprietary Company,MILE END,SA,5031
702155502,BRIGHT BNE PTY LTD,2026-09-08,Registered,Australian Proprietary Company,BRIGHTON,QLD,4017
702155520,TOTAL INTERIOR RENO PTY LTD,2026-09-08,Registered,Australian Proprietary Company,BURNSIDE,VIC,3023
702155566,CERTIFYAI PTY LTD,2026-09-08,Registered,Australian Proprietary Company,MELBOURNE,VIC,3000
702155682,NC LANG INVESTMENTS PTY LTD,2026-09-08,Registered,Australian Proprietary Company,TRARALGON,VIC,3844
702155708,MASTER SHAH HOLDINGS PTY LTD,2026-09-08,Registered,Australian Proprietary Company,NORTH TURRAMURRA,NSW,2074
702155762,OZMAC INVESTMENTS PTY LTD,2026-09-08,Registered,Australian Proprietary Company,ECHUCA,VIC,3564
702155860,FORMOSSA PIRIE PTY LTD,2026-09-08,Registered,Australian Proprietary Company,PORT PIRIE,SA,5540
702155940,FISM SUPER FUND PTY LTD,2026-09-08,Registered,Australian Proprietary Company,BALGOWLAH,NSW,2093
702155968,410/5 CORINNA STREET PTY LTD,2026-09-08,Registered,Australian Proprietary Company,HELENSVALE,QLD,4212
702156009,MEDKAN PTY LTD,2026-09-08,Registered,Australian Proprietary Company,BANKSTOWN,NSW,2200
702156241,WHISKD STUDIO PTY LTD,2026-09-08,Registered,Australian Proprietary Company,NEUTRAL BAY,NSW,2089
702156287,CERTIFIED LUXURY AUTOHUB PTY LTD,2026-09-08,Registered,Australian Proprietary Company,EASTWOOD,SA,5063
702156385,LAAF ENGINEERING PTY LTD,2026-09-08,Registered,Australian Proprietary Company,MEADOW SPRINGS,WA,6210
702156401,BLAGGAN GLOBAL PTY LTD,2026-09-08,Registered,Australian Proprietary Company,PALLARA,QLD,4110
702156447,LULL CO PTY LTD,2026-09-08,Registered,Australian Proprietary Company,ROBINA,QLD,4226
702156483,AURICE PTY LTD,2026-09-08,Registered,Australian Proprietary Company,CANLEY VALE,NSW,2166
702156527,ECJMK INVESTMENTS PTY LTD,2026-09-08,Registered,Australian Proprietary Company,KELLYVILLE,NSW,2155
702156545,MEERAN HOLDINGS PTY LTD,2026-09-08,Registered,Australian Proprietary Company,CASTLE HILL,NSW,2154
702156563,L & H BRIDGART NO 3 PTY LTD,2026-09-08,Registered,Australian Proprietary Company,MANSFIELD,VIC,3722
702156625,A2H HOLDINGS PTY LTD,2026-09-08,Registered,Australian Proprietary Company,MARRICKVILLE,NSW,2204
702156643,WINDWARD WANDERER PTY LTD,2026-09-08,Registered,Australian Proprietary Company,BELMONT,NSW,2280
702156661,LUCIFER INNOVATIONS PTY LTD,2026-09-08,Registered,Australian Proprietary Company,WARRNAMBOOL,VIC,3280
702156821,T&S WATTS NI SUPERANNUATION PTY LTD,2026-09-08,Registered,Australian Proprietary Company,BRISBANE CITY,QLD,4000
702156867,SELECT INK TATTOO PTY LTD,2026-09-08,Registered,Australian Proprietary Company,REDFERN,NSW,2016
702156885,LUCIFER INNOVATIONS INTERNATIONAL PTY LTD,2026-09-08,Registered,Australian Proprietary Company,WARRNAMBOOL,VIC,3280
702156947,INSPIRE CENTRE LIMITED,2026-09-08,Registered,Australian Public Company,LAKE ALBERT,NSW,2650
702157122,CH SQUARE PTY LTD,2026-09-08,Registered,Australian Proprietary Company,WALLAN,VIC,3756
702157248,AYRE FAMILY SUPER PTY LTD,2026-09-08,Registered,Australian Proprietary Company,TAMWORTH,NSW,2340
702157266,OSTWALD PROJECTS GROUP PTY LTD,2026-09-08,Registered,Australian Proprietary Company,WOLLONGONG,NSW,2500
702157284,JCA SUPER PTY LIMITED,2026-09-08,Registered,Australian Proprietary Company,ORAN PARK,NSW,2570
702157328,PLATINUM HOLD PTY LTD,2026-09-08,Registered,Australian Proprietary Company,WOREE,QLD,4868
702157408,MERAKI DIGITAL AUSTRALIA PTY LTD,2026-09-08,Registered,Australian Proprietary Company,QUAKERS HILL,NSW,2763
702157506,JUBILEE GARDENS AND MAINTENANCE PTY LTD,2026-09-08,Registered,Australian Proprietary Company,WESTBOURNE PARK,SA,5041
702157524,ROUNDSTONE SOLUTIONS PTY LTD,2026-09-08,Registered,Australian Proprietary Company,BANKSIA,NSW,2216
702157588,MELOMAN PTY LTD,2026-09-08,Registered,Australian Proprietary Company,BRISBANE CITY,QLD,4000
702157622,O'SULLIVAN CAPITAL PTY LTD,2026-09-08,Registered,Australian Proprietary Company,FORTITUDE VALLEY,QLD,4006
702157640,GMM5 PTY LTD,2026-09-08,Registered,Australian Proprietary Company,MELTON SOUTH,VIC,3338
702157668,WISER VENTURES PTY LTD,2026-09-08,Registered,Australian Proprietary Company,BURLEIGH WATERS,QLD,4220
702157748,PIYP PTY LTD,2026-09-08,Registered,Australian Proprietary Company,WHITE ROCK,QLD,4868
702157828,HM BUSINESS HOLDING PTY LTD,2026-09-08,Registered,Australian Proprietary Company,NORTH WAHROONGA,NSW,2076
702157864,PJL LIVESTOCK PTY LTD,2026-09-08,Registered,Australian Proprietary Company,LANCEFIELD,VIC,3435
702157944,DOWN UNDER DATES PTY LTD,2026-09-08,Registered,Australian Proprietary Company,MACKAY,QLD,4740
702157980,MK SECURE PROPERTY PTY LTD,2026-09-08,Registered,Australian Proprietary Company,CLYDE NORTH,VIC,3978
702158049,NAVV LOGISTICS PTY LTD,2026-09-08,Registered,Australian Proprietary Company,EIGHT MILE PLAINS,QLD,4113
702158165,HUAMONT PTY LTD,2026-09-08,Registered,Australian Proprietary Company,MELBOURNE,VIC,3000
702158183,GRAVITY HUB PTY LTD,2026-09-08,Registered,Australian Proprietary Company,TAYLORS HILL,VIC,3037
702158281,SUMMIT ADVISORY & ACCOUNTING PTY LTD,2026-09-08,Registered,Australian Proprietary Company,CARINE,WA,6020
702158307,BURTON PROPERTY GROUP PTY LTD,2026-09-08,Registered,Australian Proprietary Company,STAFFORD,QLD,4053
702158423,SL INTEGRATED SERVICES PTY LTD,2026-09-08,Registered,Australian Proprietary Company,WOOLLOONGABBA,QLD,4102
702158441,SJM RETAIL PTY LTD,2026-09-08,Registered,Australian Proprietary Company,MELBOURNE,VIC,3000
702158469,KADENCE MOVEMENT GROUP PTY LTD,2026-09-08,Registered,Australian Proprietary Company,VERMONT,VIC,3133
702158521,SAMER SUPERMARKET AUBURN PTY LTD,2026-09-08,Registered,Australian Proprietary Company,PRESTONS,NSW,2170
702158549,WESTGATE 2 PTY LTD,2026-09-08,Registered,Australian Proprietary Company,UPPER MOUNT GRAVATT,QLD,4122
702158567,ACOSTA SUPERANNUATION PTY. LTD.,2026-09-08,Registered,Australian Proprietary Company,SOUTH MELBOURNE,VIC,3205
702158601,JAVA CONSULTING CO. PTY LTD,2026-09-08,Registered,Australian Proprietary Company,NORWOOD,SA,5067
702158629,JORGES HOSPO GROUP PTY LTD,2026-09-08,Registered,Australian Proprietary Company,THOMASTOWN,VIC,3074
702158647,LAROGE PTY LTD,2026-09-08,Registered,Australian Proprietary Company,MELBOURNE,VIC,3000
702158727,SEDGWICK ADVISORY PTY LTD,2026-09-08,Registered,Australian Proprietary Company,HURLSTONE PARK,NSW,2193
702158843,HARDY INDUSTRIAL SERVICES PTY LTD,2026-09-08,Registered,Australian Proprietary Company,CAPELLA,QLD,4723
702158987,Z AUTO WORKX PTY. LTD.,2026-09-08,Registered,Australian Proprietary Company,CRAIGIEBURN,VIC,3064
702159028,SOLVANTA ENTERPRISES PTY LTD,2026-09-08,Registered,Australian Proprietary Company,GREENACRE,NSW,2190
702159064,SWIFT MOBILE ENGINEERING PTY LTD,2026-09-08,Registered,Australian Proprietary Company,EAST MAITLAND,NSW,2323
702159180,BOSCON ESTATE PTY LTD,2026-09-08,Registered,Australian Proprietary Company,MOONEE PONDS,VIC,3039
702159206,ROZELLE CUTS PTY LTD,2026-09-08,Registered,Australian Proprietary Company,FAIRFIELD,NSW,2165
702159224,CAROLINE SAKULANDA INVESTMENTS PTY LTD,2026-09-08,Registered,Australian Proprietary Company,BRADBURY,NSW,2560
702159288,ML SMSF PTY LTD,2026-09-08,Registered,Australian Proprietary Company,BLACK FOREST,SA,5035
702159340,SUPREME SITE CAMERAS PTY LTD,2026-09-08,Registered,Australian Proprietary Company,PENRITH,NSW,2750
702159368,GOOD DAY TRADING PTY LTD,2026-09-08,Registered,Australian Proprietary Company,HOMEBUSH WEST,NSW,2140
702159402,STERLING NEXUS GROUP PTY LTD,2026-09-08,Registered,Australian Proprietary Company,NOBLE PARK,VIC,3174
702159448,ZENA REAL ESTATE PTY LTD,2026-09-08,Registered,Australian Proprietary Company,AIRPORT WEST,VIC,3042
702159466,WARBURTON MCCABE PTY LTD,2026-09-08,Registered,Australian Proprietary Company,COTTESLOE,WA,6011
702159500,SHIRJUN GROUP PTY LTD,2026-09-08,Registered,Australian Proprietary Company,QUAKERS HILL,NSW,2763
702159582,LESUEUR HOLDINGS PTY LTD,2026-09-08,Registered,Australian Proprietary Company,NEDLANDS,WA,6009
702159608,AVARA PROPERTY 4 PTY LTD,2026-09-08,Registered,Australian Proprietary Company,MURARRIE,QLD,4172
702159662,SPIZO GREEN PTY LTD,2026-09-08,Registered,Australian Proprietary Company,ULLADULLA,NSW,2539
702159822,TPMH IP ONE PTY LTD,2026-09-08,Registered,Australian Proprietary Company,COORANBONG,NSW,2265
702159868,KATH FAMILY PTY LTD,2026-09-08,Registered,Australian Proprietary Company,GYMPIE,QLD,4570
702159886,IDLE RITE PTY LTD,2026-09-08,Registered,Australian Proprietary Company,PARKES,NSW,2870
702159902,NAVIGATE YOUR PURPOSE DISABILITY SERVICES PTY LTD,2026-09-08,Registered,Australian Proprietary Company,HOPE ISLAND,QLD,4212
702159920,SNOW LEOPARD GROUP PTY LTD,2026-09-08,Registered,Australian Proprietary Company,HAMILTON SOUTH,NSW,2303
702159948,JDBB PTY LTD,2026-09-08,Registered,Australian Proprietary Company,ELTHAM,VIC,3095
702159966,SMDIP PTY LTD,2026-09-08,Registered,Australian Proprietary Company,THORNBURY,VIC,3071
702160003,JUSUF INVESTMENTS NO.2 PTY LTD,2026-09-08,Registered,Australian Proprietary Company,BLACKTOWN,NSW,2148
702160021,PRYME TIPPING PTY LTD,2026-09-08,Registered,Australian Proprietary Company,WOODFORD,QLD,4514
702160067,J & B REAPER PTY LTD,2026-09-08,Registered,Australian Proprietary Company,HAMPTON PARK,VIC,3976
702160147,AXTARA SOLUTIONS PTY LTD,2026-09-08,Registered,Australian Proprietary Company,IVANHOE,VIC,3079
702160183,THERAVET PTY LTD,2026-09-08,Registered,Australian Proprietary Company,HAWTHORN,VIC,3122
702160325,MJKT ENTERPRISES PTY LTD,2026-09-08,Registered,Australian Proprietary Company,BENDIGO,VIC,3550
702160389,ASTRID HOLDINGS PTY LTD,2026-09-08,Registered,Australian Proprietary Company,MELBOURNE,VIC,3000
702160405,BEKIM SUPERFUND PTY LTD,2026-09-08,Registered,Australian Proprietary Company,MOUNT WAVERLEY,VIC,3149
702160469,DINES PHARMACY & PROPERTY NO.1 PTY LTD,2026-09-08,Registered,Australian Proprietary Company,BUNDALL,QLD,4217
702160521,SYED LOGISTICS PTY LTD,2026-09-08,Registered,Australian Proprietary Company,ALBANVALE,VIC,3021
702160567,BISS STUDIO PTY LTD,2026-09-08,Registered,Australian Proprietary Company,ROCKINGHAM,WA,6168
702160629,EAGLE PAINT WORKS PTY LTD,2026-09-08,Registered,Australian Proprietary Company,LOGAN RESERVE,QLD,4133
702160727,GLACIS GROUP PTY LTD,2026-09-08,Registered,Australian Proprietary Company,MELBOURNE,VIC,3000
702160745,MANNA DRY PTY LTD,2026-09-08,Registered,Australian Proprietary Company,ROWVILLE,VIC,3178
702160807,JENTAT PTY LTD,2026-09-08,Registered,Australian Proprietary Company,BELLA VISTA,NSW,2153
702160825,YOU HEALTHCARE PTY LTD,2026-09-08,Registered,Australian Proprietary Company,GREENVALE,VIC,3059
702160905,L BOWYER HOLDINGS PTY LTD,2026-09-08,Registered,Australian Proprietary Company,SYDNEY,NSW,2000
702160987,DHILLON MOTELS GROUP PTY LTD,2026-09-08,Registered,Australian Proprietary Company,ROTHBURY,NSW,2320
702161082,CLEANPANION PTY LTD,2026-09-08,Registered,Australian Proprietary Company,HARRISDALE,WA,6112
702161126,FACILITIES GROUP AUSTRALIA PTY LTD,2026-09-08,Registered,Australian Proprietary Company,BROOKVALE,NSW,2100
702161242,SILVERLEA LAND PTY LTD,2026-09-08,Registered,Australian Proprietary Company,WEE WAA,NSW,2388
702161368,JAPARK PTY LTD,2026-09-08,Registered,Australian Proprietary Company,COOMBS,ACT,2611
702161402,ZUBAH CARE PTY LTD,2026-09-08,Registered,Australian Proprietary Company,INGLEBURN,NSW,2565
702161448,CURRSONS TRANSPORT PTY LTD,2026-09-08,Registered,Australian Proprietary Company,ROCHESTER,VIC,3561
702161466,METRO WEST HOXTON PTY LTD,2026-09-08,Registered,Australian Proprietary Company,WEST HOXTON,NSW,2171
702161608,LAWTON GROUP HOLDINGS PTY LTD,2026-09-08,Registered,Australian Proprietary Company,SUBIACO,WA,6008
702161822,GCGP HOLDINGS PTY. LTD.,2026-09-08,Registered,Australian Proprietary Company,TAPPING,WA,6065
702161902,ROSAURA STUDIO PTY LTD,2026-09-08,Registered,Australian Proprietary Company,PENRITH,NSW,2750
702161948,MCKENNA ENGINEERING GROUP PTY LTD,2026-09-08,Registered,Australian Proprietary Company,ACACIA HILLS,TAS,7306
702162043,RPRAST PTY LTD,2026-09-08,Registered,Australian Proprietary Company,RICHMOND,VIC,3121
702162089,TALLE 26 PTY LTD,2026-09-08,Registered,Australian Proprietary Company,HILLSIDE,VIC,3037
702162123,THE PARTY CHAPTER PTY LTD,2026-09-08,Registered,Australian Proprietary Company,BRACKEN RIDGE,QLD,4017
702162301,LOCKER AUS PTY LTD,2026-09-08,Registered,Australian Proprietary Company,FAIRFIELD,NSW,2165
702162463,AP&SB SUPER PTY LTD,2026-09-08,Registered,Australian Proprietary Company,NARRE WARREN SOUTH,VIC,3805
702162561,RAVENIK INVESTMENTS PTY LIMITED,2026-09-08,Registered,Australian Proprietary Company,SYDNEY,NSW,2000
702162589,ATOMOS ARCHE PTY LTD,2026-09-08,Registered,Australian Proprietary Company,SYDNEY,NSW,2000
702162605,ASPB INVESTING PTY LTD,2026-09-08,Registered,Australian Proprietary Company,CAMBERWELL,VIC,3124
702162623,STUHMCKE CARR PTY LTD,2026-09-08,Registered,Australian Proprietary Company,NEWTOWN,NSW,2042
702162669,AMMANA CARE PTY LTD,2026-09-08,Registered,Australian Proprietary Company,MERRYLANDS,NSW,2160
702162687,DSC SUPER PTY LTD,2026-09-08,Registered,Australian Proprietary Company,BAULKHAM HILLS,NSW,2153
702162703,MAXWELLTON LAND PTY LTD,2026-09-08,Registered,Australian Proprietary Company,WEE WAA,NSW,2388
702162785,COMMUNITY WISDOM PTY LTD,2026-09-08,Registered,Australian Proprietary Company,DEE WHY,NSW,2099
702162829,KEECE SA PROJECTS PTY LTD,2026-09-08,Registered,Australian Proprietary Company,HAWTHORN EAST,VIC,3123
702162847,NORTHERN 26 HOLDINGS PTY LTD,2026-09-08,Registered,Australian Proprietary Company,ROCKDALE,NSW,2216
702162909,43 MBS PROPERTIES PTY LTD,2026-09-08,Registered,Australian Proprietary Company,MOLONG,NSW,2866
702162927,SOCIA CSIF PTY LTD,2026-09-08,Registered,Australian Proprietary Company,MELBOURNE,VIC,3000
702163040,KINGS GROUP AUSTRALIA PTY LTD,2026-09-08,Registered,Australian Proprietary Company,CRAIGIEBURN,VIC,3064
702163166,PENTALEX PTY LTD,2026-09-08,Registered,Australian Proprietary Company,PENRITH,NSW,2750
702163246,BLUECHPQ3 LIMITED,2026-09-08,Registered,Australian Public Company,CAMPBELLTOWN,NSW,2560
702163308,STYLES & TAILORS PTY LTD,2026-09-08,Registered,Australian Proprietary Company,WENTWORTHVILLE,NSW,2145
702163344,NORTHBOUND SPORTS PTY LTD,2026-09-08,Registered,Australian Proprietary Company,NORTH SYDNEY,NSW,2060
702163424,GOLDEN SERVICES AUSTRALIA PTY LTD,2026-09-08,Registered,Australian Proprietary Company,MADDINGLEY,VIC,3340
702163488,JACK LEITA SILVER PTY LTD,2026-09-08,Registered,Australian Proprietary Company,GLENELG NORTH,SA,5045
702163504,SANGHI TING GAMMA PTY LTD,2026-09-08,Registered,Australian Proprietary Company,CASTLE HILL,NSW,2154
702163586,J DANIEL SUPER PTY LTD,2026-09-08,Registered,Australian Proprietary Company,MCGRATHS HILL,NSW,2756
702163684,INNOVATIVE HEALTH GROUP PTY LTD,2026-09-08,Registered,Australian Proprietary Company,MELBOURNE,VIC,3000
702163700,A & K WALKER PROPERTIES PTY LTD,2026-09-08,Registered,Australian Proprietary Company,NORWEST,NSW,2153
702163808,VO TRUONG PTY LTD,2026-09-08,Registered,Australian Proprietary Company,THE ROCKS,NSW,2000
702163826,B PLANNED GC PTY LTD,2026-09-08,Registered,Australian Proprietary Company,LOGANHOLME,QLD,4129
702164001,REMAIN HUMAN PTY LTD,2026-09-08,Registered,Australian Proprietary Company,AVOCA BEACH,NSW,2251
702164065,KOOMULMINING PTY LTD,2026-09-08,Registered,Australian Proprietary Company,NARROGIN,WA,6312
702164083,GROWTH AND DIVERSITY DISABILITY SERVICES PTY LTD,2026-09-08,Registered,Australian Proprietary Company,SUNSHINE NORTH,VIC,3020
702164181,OZ CAR DEPOT PTY LTD,2026-09-08,Registered,Australian Proprietary Company,BOTANIC RIDGE,VIC,3977
702164289,SANCHAYA HOLDINGS PTY LTD,2026-09-08,Registered,Australian Proprietary Company,SOUTH YARRA,VIC,3141
702164323,BAY GROOMING PTY LTD,2026-09-08,Registered,Australian Proprietary Company,WOOLOOWARE,NSW,2230
702164421,ANLIZ PTY LTD,2026-09-08,Registered,Australian Proprietary Company,SYDNEY,NSW,2000
702164583,FIUYMI PTY LTD,2026-09-08,Registered,Australian Proprietary Company,FIVE DOCK,NSW,2046
702164609,ARLI.AU PTY LTD,2026-09-08,Registered,Australian Proprietary Company,EAST MELBOURNE,VIC,3002
702164627,SANCTURY HAVEN PTY LTD,2026-09-08,Registered,Australian Proprietary Company,TOORAK,VIC,3142
702164743,CRAVE CRAFT FOODS PTY LTD,2026-09-08,Registered,Australian Proprietary Company,CLYDE,VIC,3978
702164789,MUKTESWARA PTY LTD,2026-09-08,Registered,Australian Proprietary Company,PROSPECT,SA,5082
702164841,RICHARDSON LEGACY PTY LTD,2026-09-08,Registered,Australian Proprietary Company,HYDE PARK,QLD,4812
702164921,WOO HOUSE COLLECTIVE PTY LTD,2026-09-08,Registered,Australian Proprietary Company,PORT MELBOURNE,VIC,3207
702164949,MOMI INVESTMENTS PTY LTD,2026-09-08,Registered,Australian Proprietary Company,CANBERRA,ACT,2601
702165062,RODWIL SUPERANNUATION FUND PTY LTD,2026-09-08,Registered,Australian Proprietary Company,ROBINA,QLD,4226
702165268,THE LIVESTOCK CO PTY LTD,2026-09-08,Registered,Australian Proprietary Company,HIGH RANGE,NSW,2575
702165302,7 STAR LUXURY HOMES PTY LTD,2026-09-08,Registered,Australian Proprietary Company,TARNEIT,VIC,3029
702165366,MBD BUILT PTY LTD,2026-09-08,Registered,Australian Proprietary Company,BASSENDEAN,WA,6054
702165428,NATE CAMPBELL GROUP PTY LTD,2026-09-08,Registered,Australian Proprietary Company,OAKLANDS PARK,SA,5046
702165544,HENNTEK HOLDINGS PTY LTD,2026-09-08,Registered,Australian Proprietary Company,KELLYVILLE RIDGE,NSW,2155
702165606,POSEIDON PLASTERING PTY. LTD.,2026-09-08,Registered,Australian Proprietary Company,FORSTER,NSW,2428
702165624,SIMS LED SOLUTIONS PTY LTD.,2026-09-08,Registered,Australian Proprietary Company,WANGARA,WA,6065
702165740,SPHERE MEDIA PTY LTD,2026-09-08,Registered,Australian Proprietary Company,NEWTOWN,VIC,3220
702165802,ONE PENRITH PARK PTY LTD,2026-09-08,Registered,Australian Proprietary Company,PENRITH,NSW,2750
702165820,NASER HOLDINGS PTY LTD,2026-09-08,Registered,Australian Proprietary Company,LEEMING,WA,6149
702165848,THREE & CO CUSTODIAN PTY LTD,2026-09-08,Registered,Australian Proprietary Company,CHATSWOOD,NSW,2067
702165866,TWO PENRITH PARK PTY LTD,2026-09-08,Registered,Australian Proprietary Company,PENRITH,NSW,2750
702165964,JOLEX HOLDINGS PTY LTD,2026-09-08,Registered,Australian Proprietary Company,CAVERSHAM,WA,6055
702165982,TA-KE DON PTY LTD,2026-09-08,Registered,Australian Proprietary Company,SPRINGVALE,VIC,3171
702166005,THE S GORDON FAMILY GROUP INVESTMENT PTY LTD,2026-09-08,Registered,Australian Proprietary Company,NARRABRI,NSW,2390
702166023,PATHANIA HOLDINGS PTY LTD,2026-09-08,Registered,Australian Proprietary Company,TALLAWONG,NSW,2762
702166087,SECRETS RECORDS PTY LTD,2026-09-08,Registered,Australian Proprietary Company,LABRADOR,QLD,4215
702166167,EQUINOX CO PTY LTD,2026-09-08,Registered,Australian Proprietary Company,WOOLLAHRA,NSW,2025
702166229,G8 SUCCESS PTY LTD,2026-09-08,Registered,Australian Proprietary Company,SHELLEY,WA,6148
702166283,SPRING WALLA PTY. LTD.,2026-09-08,Registered,Australian Proprietary Company,GRUYERE,VIC,3770
702166381,ARDMILLS PTY LTD,2026-09-08,Registered,Australian Proprietary Company,MOUNT BARKER,SA,5251
702166489,PRINTMAN SIGNAGE PTY LTD,2026-09-08,Registered,Australian Proprietary Company,THE PONDS,NSW,2769
702166505,THOGULUVA FAMILY SUPER PTY LTD,2026-09-08,Registered,Australian Proprietary Company,ROUSE HILL,NSW,2155
702166587,METRRE PTY LTD,2026-09-08,Registered,Australian Proprietary Company,MERMAID BEACH,QLD,4218
702166649,ANDROMEDA SF PTY LTD,2026-09-08,Registered,Australian Proprietary Company,ROSEVILLE,NSW,2069
702166685,BROTHERS SMSF INVESTMENT PTY LTD,2026-09-08,Registered,Australian Proprietary Company,AUSTRAL,NSW,2179
702166729,GOLDTHORPE PUB GROUP PTY LTD,2026-09-08,Registered,Australian Proprietary Company,HILLSDALE,NSW,2036
702166943,SIMUNYE SOLUTIONS PTY LTD,2026-09-08,Registered,Australian Proprietary Company,MANLY WEST,QLD,4179
702167002,VIVERO SUPER PTY LTD,2026-09-08,Registered,Australian Proprietary Company,EPPING,NSW,2121
702167146,CARTER CAPITAL PTY LIMITED,2026-09-08,Registered,Australian Proprietary Company,RUNAWAY BAY,QLD,4216
702167164,VERTIGO FINANCIAL GROUP PTY LTD,2026-09-08,Registered,Australian Proprietary Company,HARKNESS,VIC,3337
702167226,MOONSCAPE PROJECTS PTY LTD,2026-09-08,Registered,Australian Proprietary Company,WESTMEAD,NSW,2145
702167280,RS GLOBAL ENTERPRISES PTY LTD,2026-09-08,Registered,Australian Proprietary Company,KEMPS CREEK,NSW,2178
702167306,KSG FAMILY PTY LTD,2026-09-08,Registered,Australian Proprietary Company,GLENMORE PARK,NSW,2745
702167520,JHK'S CAMELOT PTY LTD,2026-09-08,Registered,Australian Proprietary Company,MOUNT WAVERLEY,VIC,3149
702167548,THE HUDDLE PERFORMANCE ACADEMY PTY LTD,2026-09-08,Registered,Australian Proprietary Company,NOWRA,NSW,2541
702167600,REDLINE HQ PTY LTD,2026-09-08,Registered,Australian Proprietary Company,LEONGATHA,VIC,3953
702167628,GIULIO LOMBARDI CORPORATE PTY LTD,2026-09-08,Registered,Australian Proprietary Company,PERTH,WA,6000
702167682,EVERWED PTY LTD,2026-09-08,Registered,Australian Proprietary Company,MELBOURNE,VIC,3000
702167762,RICE FAMILY SUPER PTY LTD,2026-09-08,Registered,Australian Proprietary Company,ROBINA,QLD,4226
702167780,VALMERE GROUP PTY LTD,2026-09-08,Registered,Australian Proprietary Company,MELBOURNE,VIC,3000
702167968,REDLINE TIMBERWORKS PTY LTD,2026-09-08,Registered,Australian Proprietary Company,MARKS POINT,NSW,2280
702167986,VMSK PTY LTD,2026-09-08,Registered,Australian Proprietary Company,SYDNEY,NSW,2000
702168045,RANDY VERNON PTY LTD,2026-09-08,Registered,Australian Proprietary Company,SYDNEY,NSW,2000
702168107,NINEFOLD GROUP PTY LTD,2026-09-08,Registered,Australian Proprietary Company,PRAHRAN,VIC,3181
702168161,PATHWAY AUS PTY LTD,2026-09-08,Registered,Australian Proprietary Company,BERRINBA,QLD,4117
702168189,SS 25 TRANSPORT PTY LTD,2026-09-08,Registered,Australian Proprietary Company,TARNEIT,VIC,3029
702168241,LTF T1 PTY LIMITED,2026-09-08,Registered,Australian Proprietary Company,MELBOURNE,VIC,3000
702168429,B WATERS CO PTY LTD,2026-09-08,Registered,Australian Proprietary Company,PIALBA,QLD,4655
702168465,ONE KEY BURTON PTY LTD,2026-09-08,Registered,Australian Proprietary Company,MIDDLEMOUNT,QLD,4746
702168643,CHADSFIT PTY LTD,2026-09-08,Registered,Australian Proprietary Company,DONCASTER EAST,VIC,3109
702168901,ANCORA ADVISORY PTY LTD,2026-09-08,Registered,Australian Proprietary Company,BEECROFT,NSW,2119
702168929,ODYSSEY HOSPITALITY PTY LTD,2026-09-08,Registered,Australian Proprietary Company,BEXLEY,NSW,2207
702168947,SURFING FOR HEALTH PTY LTD,2026-09-08,Registered,Australian Proprietary Company,TWEED HEADS,NSW,2485
702168965,THE AUTOBOTS ENTERPRISE PTY LTD,2026-09-08,Registered,Australian Proprietary Company,NIDDRIE,VIC,3042
702168983,SM GATTON PTY LTD,2026-09-08,Registered,Australian Proprietary Company,BURLEIGH HEADS,QLD,4220
702169006,SCULLION & ASSOCIATES PTY LTD,2026-09-08,Registered,Australian Proprietary Company,GLEN IRIS,VIC,3146
702169104,GREENLIT MARKETS HOLDING PTY LTD,2026-09-08,Registered,Australian Proprietary Company,KEW,VIC,3101
702169122,VALTAIRE PTY LTD,2026-09-08,Registered,Australian Proprietary Company,ORANGE,NSW,2800
702169168,THE ALBUM SHOW PTY LTD,2026-09-08,Registered,Australian Proprietary Company,ROSNY PARK,TAS,7018
702169202,JOVIC ENTERPRISES PTY LTD,2026-09-08,Registered,Australian Proprietary Company,YENGARIE,QLD,4650
702169248,JGB SMSF PTY. LTD.,2026-09-08,Registered,Australian Proprietary Company,KARDINYA,WA,6163
702169364,MADLAJ PROPERTY CUSTODIAN PTY LTD,2026-09-08,Registered,Australian Proprietary Company,SYDNEY,NSW,2000
702169382,ULTIMATE EARTHMOVING & CIVIL PTY LTD,2026-09-08,Registered,Australian Proprietary Company,MAROOCHYDORE,QLD,4558
702169444,YC 999 PTY LTD,2026-09-08,Registered,Australian Proprietary Company,BENTLEY,WA,6102
702169480,B & E JREIGE SUPER PTY LTD,2026-09-08,Registered,Australian Proprietary Company,BALLARAT CENTRAL,VIC,3350
702169506,BLOOMING LUX PTY LTD,2026-09-08,Registered,Australian Proprietary Company,LURNEA,NSW,2170
702169524,B&E WEALTH PTY LTD,2026-09-08,Registered,Australian Proprietary Company,CANNING VALE,WA,6155
702169640,AMA BROKING PTY LTD,2026-09-08,Registered,Australian Proprietary Company,LANDSDALE,WA,6065
702169748,SHIAN SUPER FUND PTY LTD,2026-09-08,Registered,Australian Proprietary Company,MELBOURNE,VIC,3004
702169766,IRON AXIS CONSULTING PTY LTD,2026-09-08,Registered,Australian Proprietary Company,COOMERA,QLD,4209
702169846,SYDNEY TILE STUDIO PTY LTD,2026-09-08,Registered,Australian Proprietary Company,RHODES,NSW,2138
702170045,GUARDIAN SAFETY CHECKS PTY LTD,2026-09-08,Registered,Australian Proprietary Company,MALVERN,VIC,3144
702170125,SOHEIL MEDICAL PTY LTD,2026-09-08,Registered,Australian Proprietary Company,LABRADOR,QLD,4215
702170205,AUSMOVE LOGISTICS PTY LTD,2026-09-08,Registered,Australian Proprietary Company,PROSPECT,SA,5082
702170385,VELASTRA GROUP PTY LTD,2026-09-08,Registered,Australian Proprietary Company,MELBOURNE,VIC,3000
702170527,MEADCORP PTY LTD,2026-09-08,Registered,Australian Proprietary Company,WILLIAMSTOWN NORTH,VIC,3016
702170563,S & R CLEANING SERVICES PTY LTD,2026-09-08,Registered,Australian Proprietary Company,EPPING,VIC,3076
702170643,IRONBOND WA GROUP PTY LTD,2026-09-08,Registered,Australian Proprietary Company,PIARA WATERS,WA,6112
702170661,MONFARED CAPITAL PTY LTD,2026-09-08,Registered,Australian Proprietary Company,NORTH KELLYVILLE,NSW,2155
702170705,AVELOR GROUP PTY LTD,2026-09-08,Registered,Australian Proprietary Company,HOMEBUSH WEST,NSW,2140
702170787,G & M TOMASONI INVESTMENTS PTY LTD,2026-09-08,Registered,Australian Proprietary Company,WODONGA,VIC,3690
702170803,JS AUSTRALIA PTY LTD,2026-09-08,Registered,Australian Proprietary Company,CANNING VALE,WA,6155
702170885,JHA GROUP PTY LTD,2026-09-08,Registered,Australian Proprietary Company,TAMWORTH,NSW,2340
702170901,BENNETT TOWERS PTY LTD,2026-09-08,Registered,Australian Proprietary Company,MELBOURNE,VIC,3004
702170929,QILIN CAPITAL PTY LTD,2026-09-08,Registered,Australian Proprietary Company,SYDNEY,NSW,2000
702170947,ZJP MCIVOR SUPER PTY LTD,2026-09-08,Registered,Australian Proprietary Company,HEIDELBERG,VIC,3084
702170983,HK CAR DETAILING PTY LTD,2026-09-08,Registered,Australian Proprietary Company,CROYDON,VIC,3136
702171042,PANAYIOTIS JACKA SUPERANNUATION PTY LTD,2026-09-08,Registered,Australian Proprietary Company,BLACKBURN SOUTH,VIC,3130
702171060,ARR INDUSTRIES PTY LTD,2026-09-08,Registered,Australian Proprietary Company,KNOXFIELD,VIC,3180
702171140,PADEL N PTY LTD,2026-09-08,Registered,Australian Proprietary Company,EPPING,VIC,3076
702171168,KDS ENTERPRISES AUS PTY LTD,2026-09-08,Registered,Australian Proprietary Company,MOUNT WAVERLEY,VIC,3149
702171202,VOCCA CLOTHING PTY LTD,2026-09-08,Registered,Australian Proprietary Company,TRUGANINA,VIC,3029
702171248,SABRE CONCRETE CUTTING PTY LTD,2026-09-08,Registered,Australian Proprietary Company,BARANGAROO,NSW,2000
702171300,ASSIST SERVICES AUSTRALIA PTY LTD,2026-09-08,Registered,Australian Proprietary Company,LANDSDALE,WA,6065
702171328,GEOMITCH PTY LTD,2026-09-08,Registered,Australian Proprietary Company,KINGSTON SE,SA,5275
702171346,LIVGATE PROPERTIES PTY LIMITED,2026-09-08,Registered,Australian Proprietary Company,WARRIEWOOD,NSW,2102
702171408,TSJ CO PTY LTD,2026-09-08,Registered,Australian Proprietary Company,HINDMARSH,SA,5007
702171462,HARRIETS HORIZON PTY. LTD.,2026-09-08,Registered,Australian Proprietary Company,YORKEYS KNOB,QLD,4878
702171480,COKER PHARMACY & PROPERTY NO.1 PTY LTD,2026-09-08,Registered,Australian Proprietary Company,BUNDALL,QLD,4217
702171524,JAIMINI ASSOCIATES PTY LTD,2026-09-08,Registered,Australian Proprietary Company,CARINE,WA,6020
702171542,DK CIVIL CONTRACTORS PTY LTD,2026-09-08,Registered,Australian Proprietary Company,FREWVILLE,SA,5063
702171560,PRIDE Y PROPERTY GROUP PTY LTD,2026-09-08,Registered,Australian Proprietary Company,PRESTON,VIC,3072
702171588,STAR DIGITAL AI MARKETING PTY LTD,2026-09-08,Registered,Australian Proprietary Company,CREMORNE,VIC,3121
702171604,AUREVIA SUPER PTY LTD,2026-09-08,Registered,Australian Proprietary Company,TEMPLESTOWE,VIC,3106
702171702,BARNEWALL SMSF CTC PTY LTD,2026-09-08,Registered,Australian Proprietary Company,LAMINGTON,WA,6430
702171800,K2 PLUS PTY LTD,2026-09-08,Registered,Australian Proprietary Company,CASTLE HILL,NSW,2154
702171882,NEW WAVE AUTO HOLDING PTY LTD,2026-09-08,Registered,Australian Proprietary Company,NOTTING HILL,VIC,3168
702172101,NIBBLE INVESTMENTS PTY LTD,2026-09-08,Registered,Australian Proprietary Company,TOOWOOMBA CITY,QLD,4350
702172165,WADDI FOUR FARMERS PTY LTD,2026-09-08,Registered,Australian Proprietary Company,MOORA,WA,6510
702172183,FENCE RITE (MEL) PTY LTD,2026-09-08,Registered,Australian Proprietary Company,MICKLEHAM,VIC,3064
702172227,BORACAY RACING PTY. LIMITED,2026-09-08,Registered,Australian Proprietary Company,MARYBOROUGH,VIC,3465
702172245,FORTEX CAPITAL GROUP PTY LTD,2026-09-08,Registered,Australian Proprietary Company,HAWTHORN EAST,VIC,3123
702172361,HARGYS CO PTY LTD,2026-09-08,Registered,Australian Proprietary Company,MACKAY,QLD,4740
702172503,MOSHI CORP PTY LTD,2026-09-08,Registered,Australian Proprietary Company,FAIRFIELD WEST,NSW,2165
702172585,NIJETIBE PTY LIMITED,2026-09-08,Registered,Australian Proprietary Company,MUDGEE,NSW,2850
702172601,RJDJMD BARE PTY LTD,2026-09-08,Registered,Australian Proprietary Company,BALLARAT CENTRAL,VIC,3350
702172629,CE BONDI JUNCTION INVESTMENTS PTY LTD,2026-09-08,Registered,Australian Proprietary Company,NORWEST,NSW,2153
702172727,LANDBUILDER INTERNATIONAL MACHINERY PTY LTD,2026-09-08,Registered,Australian Proprietary Company,MELBOURNE,VIC,3004
702172745,DHARSH PTY LTD,2026-09-08,Registered,Australian Proprietary Company,GLENWOOD,NSW,2768
702172781,J&E SMSUPER PTY LTD,2026-09-08,Registered,Australian Proprietary Company,SYDNEY,NSW,2000
702172807,MAJED GROUP PTY LTD,2026-09-08,Registered,Australian Proprietary Company,KINGSGROVE,NSW,2208
702172843,REMFIN PTY LTD,2026-09-08,Registered,Australian Proprietary Company,SILVERWATER,NSW,2128
702172889,BW AUGUSTA HOLDINGS PTY LTD,2026-09-08,Registered,Australian Proprietary Company,BRENDALE,QLD,4500
702172987,SONIC SUPER HOLDINGS PTY LTD,2026-09-08,Registered,Australian Proprietary Company,ORMOND,VIC,3204
702173000,BROOKWATER AUGUSTA DEVELOPMENT PTY LTD,2026-09-08,Registered,Australian Proprietary Company,BRENDALE,QLD,4500
702173064,RAC & SJC PTY LTD,2026-09-08,Registered,Australian Proprietary Company,BUNDALL,QLD,4217
702173108,AA SIDHU HOLDINGS PTY LTD,2026-09-08,Registered,Australian Proprietary Company,ROBINA,QLD,4226
702173126,M & P MEATS PTY LTD,2026-09-08,Registered,Australian Proprietary Company,BENDIGO,VIC,3550
702173162,AZURE CLEANING GROUP PTY LTD,2026-09-08,Registered,Australian Proprietary Company,CLYDE NORTH,VIC,3978
702173304,PLANET PARTNERSHIPS AUSTRALIA PTY LTD,2026-09-08,Registered,Australian Proprietary Company,NEW FARM,QLD,4005
702173340,S&L STUDIOS PTY LTD,2026-09-08,Registered,Australian Proprietary Company,DONCASTER EAST,VIC,3109
702173368,PICKLE POINT SMITHFIELD PTY LTD,2026-09-08,Registered,Australian Proprietary Company,PANANIA,NSW,2213
702173420,SHREE VISHANU PTY LTD,2026-09-08,Registered,Australian Proprietary Company,NORTHFIELD,SA,5085
702173448,J & K KATSOUTAS PTY LTD,2026-09-08,Registered,Australian Proprietary Company,SHEPPARTON,VIC,3630
702173484,ACG ENERGY PROJECTS PTY LTD,2026-09-08,Registered,Australian Proprietary Company,FORTITUDE VALLEY,QLD,4006
702173626,THE ADHD OT CLINIC PTY LTD,2026-09-08,Registered,Australian Proprietary Company,BIRTINYA,QLD,4575
702173706,STERINORE PTY LTD,2026-09-08,Registered,Australian Proprietary Company,WOOMBYE,QLD,4559
702173760,SNYPR DIGITAL PTY LTD.,2026-09-08,Registered,Australian Proprietary Company,INGLE FARM,SA,5098
702173788,ZHAI PET GROUP PTY LTD,2026-09-08,Registered,Australian Proprietary Company,ALGESTER,QLD,4115
702173822,FAD TRANSPORT PTY LTD,2026-09-08,Registered,Australian Proprietary Company,KINGSTON,QLD,4114
702173948,AUSTRALIAN SILICON ENTERPRISE PTY LTD,2026-09-08,Registered,Australian Proprietary Company,NORTH SYDNEY,NSW,2060
702174025,AULOS HOLDINGS PTY LTD,2026-09-08,Registered,Australian Proprietary Company,BURLEIGH HEADS,QLD,4220
702174089,SARDELLIS HOLDINGS PTY LTD,2026-09-08,Registered,Australian Proprietary Company,MELBOURNE,VIC,3004
702174105,GRAND OCEAN AUSTRALIA PTY LTD,2026-09-08,Registered,Australian Proprietary Company,PERTH,WA,6000
702174141,COASTWIDE PEST AND TERMITE SOLUTIONS PTY LTD,2026-09-08,Registered,Australian Proprietary Company,MAROOCHYDORE,QLD,4558
702174221,LAMBERT APARTMENTS PTY LTD,2026-09-08,Registered,Australian Proprietary Company,DULWICH,SA,5065
702174301,B. AWL CHIROPRACTIC PTY LTD,2026-09-08,Registered,Australian Proprietary Company,FITZROY NORTH,VIC,3068
702174445,THE REALTY CARTEL PTY LTD,2026-09-08,Registered,Australian Proprietary Company,PRESTON,VIC,3072
702174481,BAL TRANSPORT & LOGISTICS PTY LTD,2026-09-08,Registered,Australian Proprietary Company,CARRARA,QLD,4211
702174525,SILVANTRON PTY LTD,2026-09-08,Registered,Australian Proprietary Company,CAMBERWELL,VIC,3124
702174623,VELAMINT HOLDINGS PTY LTD,2026-09-08,Registered,Australian Proprietary Company,NORTH STRATHFIELD,NSW,2137
702174687,HIGHBURY LIVING PTY LTD,2026-09-08,Registered,Australian Proprietary Company,KELLYVILLE,NSW,2155
702174703,CCH LOGISTIC PTY LTD,2026-09-08,Registered,Australian Proprietary Company,REVESBY,NSW,2212
702174909,TANM CONSTRUCTION PTY. LTD.,2026-09-08,Registered,Australian Proprietary Company,VILLAWOOD,NSW,2163
702174945,JZLCM PTY LTD,2026-09-08,Registered,Australian Proprietary Company,NORTH SYDNEY,NSW,2060
702174981,GLORY NAILS & BEAUTY III PTY LTD,2026-09-08,Registered,Australian Proprietary Company,MELBOURNE,VIC,3000
702175022,R & K EUROA INVESTMENTS PTY LTD,2026-09-08,Registered,Australian Proprietary Company,EUROA,VIC,3666
702175102,TCKG PTY LTD,2026-09-08,Registered,Australian Proprietary Company,KEMPSEY,NSW,2440
702175166,ALSE STEVENS SUPER PTY LTD,2026-09-08,Registered,Australian Proprietary Company,NORWEST,NSW,2153
702175184,CROSS FAMILY RURAL PTY LTD,2026-09-08,Registered,Australian Proprietary Company,DOCKLANDS,VIC,3008
702175282,ANTHILL STUDIOS PTY LTD,2026-09-08,Registered,Australian Proprietary Company,CLAYTON SOUTH,VIC,3169
702175308,GILLY SUPER PTY LTD,2026-09-08,Registered,Australian Proprietary Company,BURRA,SA,5417
702175362,TE ARIKI INVESTMENTS PTY. LTD.,2026-09-08,Registered,Australian Proprietary Company,ROBINA,QLD,4226
702175406,ISABEL LADE PTY LTD,2026-09-08,Registered,Australian Proprietary Company,SEYMOUR,VIC,3660
702175522,FELUGO PTY LTD,2026-09-08,Registered,Australian Proprietary Company,KEYSBOROUGH,VIC,3173
702175568,ANERAO CLIFFORD GARDENS PTY LTD,2026-09-08,Registered,Australian Proprietary Company,TOOWONG,QLD,4066
702175602,THE HEALIA COLLECTIVE PTY LTD,2026-09-08,Registered,Australian Proprietary Company,WENDOUREE,VIC,3355
702175648,LOW SIGNAL PTY LTD,2026-09-08,Registered,Australian Proprietary Company,FREMANTLE,WA,6160
702175728,XTBW PTY LTD,2026-09-08,Registered,Australian Proprietary Company,SYDNEY,NSW,2000
702175746,XTCK PTY LTD,2026-09-08,Registered,Australian Proprietary Company,SYDNEY,NSW,2000
702175782,SNS PARTS PTY LTD,2026-09-08,Registered,Australian Proprietary Company,BEENLEIGH,QLD,4207
702175880,G SPEED SUPER INVESTMENTS PTY LTD.,2026-09-09,Registered,Australian Proprietary Company,WANGARATTA,VIC,3677
702176001,AUSTRALIAN ARTIFICIAL INTELLIGENCE INDUSTRY GROUP LTD,2026-09-08,Registered,Australian Public Company,REDWOOD PARK,SA,5097
702176029,CHINANIGANS PUBLICATION GROUP PTY LTD,2026-09-09,Registered,Australian Proprietary Company,YAGOONA,NSW,2199
702176047,ACCIT FOUNDATION LIMITED,2026-09-08,Registered,Australian Public Company,HAYMARKET,NSW,2000
702176065,CATHCART VENTURES PTY LTD,2026-09-08,Registered,Australian Proprietary Company,WOOLLOONGABBA,QLD,4102
702176145,AVARA RESILIENCE PTY LTD,2026-09-08,Registered,Australian Proprietary Company,DEANSIDE,VIC,3336
702176181,APEX CONSTRUCTION WORKS PTY LTD,2026-09-08,Registered,Australian Proprietary Company,WERRIBEE,VIC,3030
702176207,I LIFT CRANE SERVICES PTY LTD,2026-09-08,Registered,Australian Proprietary Company,RABY,NSW,2566
702176225,S & E DIESEL PTY LTD,2026-09-08,Registered,Australian Proprietary Company,COWRA,NSW,2794
702176243,PRIDDIS SUPER PTY LTD,2026-09-08,Registered,Australian Proprietary Company,ROCKDALE,NSW,2216
702176261,THE MASION BARBERS PTY LTD,2026-09-08,Registered,Australian Proprietary Company,GREENVALE,VIC,3059
702176323,KELVICORE PTY LTD,2026-09-08,Registered,Australian Proprietary Company,BUNDALL,QLD,4217
702176341,SSGA DEVELOPMENTS PTY LTD,2026-09-08,Registered,Australian Proprietary Company,RABY,NSW,2566
702176421,JT VASSALLO SF PTY LTD,2026-09-08,Registered,Australian Proprietary Company,WALLAN,VIC,3756
702176467,STEVEV 1963 PTY LTD,2026-09-08,Registered,Australian Proprietary Company,BURLEIGH HEADS,QLD,4220
702176529,JATEC INVEST PTY LTD,2026-09-08,Registered,Australian Proprietary Company,FINLEY,NSW,2713
702176583,EASY2GETFINANCE PTY LTD,2026-09-08,Registered,Australian Proprietary Company,CLYDE,VIC,3978
702176645,PLUMED DUCK PTY LTD,2026-09-08,Registered,Australian Proprietary Company,ANNANDALE,QLD,4814
702176663,ADVICE AUSTRALIA GROUP PTY LTD,2026-09-08,Registered,Australian Proprietary Company,BUNDALL,QLD,4217
702176707,PUNYETA GROUP PTY LTD,2026-09-08,Registered,Australian Proprietary Company,ELLENBROOK,WA,6069
702176725,VRTS AUSTRALIA PTY LTD,2026-09-08,Registered,Australian Proprietary Company,WEST PERTH,WA,6005
702176805,JTM 92 PTY LTD,2026-09-08,Registered,Australian Proprietary Company,SYDNEY,NSW,2000
702176903,SWAN REFINING PTY LTD,2026-09-08,Registered,Australian Proprietary Company,JOLIMONT,WA,6014
702176949,ONDO EDUCATION PTY LTD,2026-09-08,Registered,Australian Proprietary Company,KELLYVILLE,NSW,2155
702176967,A CLASS IP HOLDING PTY LTD,2026-09-08,Registered,Australian Proprietary Company,RAVENHALL,VIC,3023
702176985,ALPHA STAR HOLDINGS PTY LTD,2026-09-08,Registered,Australian Proprietary Company,WATERFORD,QLD,4133
702177044,REGWORTH SUPER PTY. LTD.,2026-09-08,Registered,Australian Proprietary Company,HIGHETT,VIC,3190
702177142,FURNITURE POINT PTY LTD,2026-09-08,Registered,Australian Proprietary Company,MILLNER,NT,0810
702177204,ELITE NSW BASKETBALL PTY LTD,2026-09-09,Registered,Australian Proprietary Company,PADSTOW HEIGHTS,NSW,2211
702177222,BETSY WESTCOTT PTY LTD,2026-09-09,Registered,Australian Proprietary Company,BALGOWLAH,NSW,2093
702177348,P&P PROSPER GROUP PTY LTD,2026-09-08,Registered,Australian Proprietary Company,GUNNEDAH,NSW,2380
702177482,TOME ATELIER PTY LTD,2026-09-08,Registered,Australian Proprietary Company,ARMADALE,VIC,3143
702177544,ATELEC PTY LTD,2026-09-08,Registered,Australian Proprietary Company,MOUNT ANNAN,NSW,2567
702177562,CADERE PTY LTD,2026-09-09,Registered,Australian Proprietary Company,WEST LEEDERVILLE,WA,6007
702177606,WESTAWAY ADVISORY PTY LTD,2026-09-08,Registered,Australian Proprietary Company,HIGHETT,VIC,3190
702177740,GRAHAM PRIEST HOLDINGS PTY LTD,2026-09-08,Registered,Australian Proprietary Company,WINDSOR,QLD,4030
702177820,FAGAN & CO PTY LTD,2026-09-08,Registered,Australian Proprietary Company,HAMPTON,VIC,3188
702177848,ENTERPRISE RELATIONSHIPS AUSTRALIA PTY LTD,2026-09-08,Registered,Australian Proprietary Company,BANKSIA BEACH,QLD,4507
702177964,ROOF CARE RENEW PTY LTD,2026-09-09,Registered,Australian Proprietary Company,TEMPLESTOWE LOWER,VIC,3107
702178103,MAYFLOWER DISABILITY SUPPORTS PTY LTD,2026-09-08,Registered,Australian Proprietary Company,MOUNT BARKER,SA,5251
702178167,MAIER LAW PTY LIMITED,2026-09-08,Registered,Australian Proprietary Company,BONDI,NSW,2026
702178381,VANGUARD AI PTY LTD,2026-09-08,Registered,Australian Proprietary Company,MOUNT CLAREMONT,WA,6010
702178425,ST HELENA ST PTY LTD,2026-09-08,Registered,Australian Proprietary Company,ADELAIDE,SA,5000
702178505,C-PRAV TECHNOLOGY SOLUTIONS PTY LTD,2026-09-08,Registered,Australian Proprietary Company,SPRINGVALE,VIC,3171
702178541,MELO SUN PTY LTD,2026-09-08,Registered,Australian Proprietary Company,MUDGEE,NSW,2850
702178569,BASHFUL GIRL PTY LTD,2026-09-08,Registered,Australian Proprietary Company,SOUTH YARRA,VIC,3141
702178603,BASHBOY PTY LTD,2026-09-09,Registered,Australian Proprietary Company,SOUTH YARRA,VIC,3141
702178765,KENEX NSW HR PTY LTD,2026-09-08,Registered,Australian Proprietary Company,MELBOURNE,VIC,3004
702178783,LIVING VITALITY PTY LTD,2026-09-08,Registered,Australian Proprietary Company,ROSELANDS,NSW,2196
702178845,PLANIFY ADVISORY PTY LTD,2026-09-08,Registered,Australian Proprietary Company,HORNSBY,NSW,2077
702178943,SIMANTA PTY LTD,2026-09-08,Registered,Australian Proprietary Company,FLEMINGTON,VIC,3031
702179020,MUSCLESPAN PTY LTD,2026-09-09,Registered,Australian Proprietary Company,WEST LEEDERVILLE,WA,6007
702179208,C EAST PTY LTD,2026-09-08,Registered,Australian Proprietary Company,CABRAMATTA,NSW,2166
702179262,2D TRADING PTY LTD,2026-09-08,Registered,Australian Proprietary Company,NARANGBA,QLD,4504
702179388,IRVINE SUPER (WA) PTY LTD,2026-09-08,Registered,Australian Proprietary Company,ELLENBROOK,WA,6069
702179404,HAMPSHIRE PTY LTD,2026-09-08,Registered,Australian Proprietary Company,EPPING,NSW,2121
702179422,WROTE STUDY PTY LTD,2026-09-08,Registered,Australian Proprietary Company,BLACKBURN,VIC,3130
702179468,TARA AND ME BEAUTY CO PTY LTD,2026-09-08,Registered,Australian Proprietary Company,TORRENSVILLE,SA,5031
702179628,OZ SOLARIA PTY LTD,2026-09-08,Registered,Australian Proprietary Company,DENISTONE WEST,NSW,2114
702179682,ELDER SOFTWARE PTY LTD,2026-09-08,Registered,Australian Proprietary Company,KEW EAST,VIC,3102
702179708,ELIAS & WL PTY LTD,2026-09-08,Registered,Australian Proprietary Company,ANNERLEY,QLD,4103
702179806,PALAK & HARDIK SHAH SMSF CORP PTY LTD,2026-09-08,Registered,Australian Proprietary Company,BOX HILL,NSW,2765
702179824,RADHA NAAM INVESTMENTS PTY LTD,2026-09-08,Registered,Australian Proprietary Company,COLEBEE,NSW,2761
702179922,CHAPTER II - ROCKINGHAM PTY LTD,2026-09-08,Registered,Australian Proprietary Company,COCKBURN CENTRAL,WA,6164
702179968,SARA-JANE ENTERPRISES PTY LTD,2026-09-08,Registered,Australian Proprietary Company,ALBANY CREEK,QLD,4035
702180005,MOE & KRZYSZTOF PTY LTD,2026-09-08,Registered,Australian Proprietary Company,SURRY HILLS,NSW,2010
702180201,WGH RETAIL PTY LTD,2026-09-08,Registered,Australian Proprietary Company,OLD REYNELLA,SA,5161
702180247,CHAPTER III - SECRET HARBOUR PTY LTD,2026-09-08,Registered,Australian Proprietary Company,COCKBURN CENTRAL,WA,6164
702180381,R M RUSSELL PROPERTY PTY LTD,2026-09-08,Registered,Australian Proprietary Company,SYDNEY,NSW,2000
702180523,SHINDA TRANSPORT SERVICES PTY LTD,2026-09-08,Registered,Australian Proprietary Company,ALGESTER,QLD,4115
702180621,GFM PROJECTS PTY LTD,2026-09-08,Registered,Australian Proprietary Company,NORWEST,NSW,2153
702180747,AJ NORTHBRIDGE PTY LTD,2026-09-08,Registered,Australian Proprietary Company,BALLAJURA,WA,6066
702180783,BANAFAM PTY LTD,2026-09-09,Registered,Australian Proprietary Company,MEADOW HEIGHTS,VIC,3048
702180845,SUN LION PTY LTD,2026-09-08,Registered,Australian Proprietary Company,BARDEN RIDGE,NSW,2234
702180907,DEBONO PROPERTY GROUP PTY LTD,2026-09-08,Registered,Australian Proprietary Company,NORTH RICHMOND,NSW,2754
702180943,DEOLZ FARMS PTY LTD,2026-09-08,Registered,Australian Proprietary Company,FRASER RISE,VIC,3336
702181002,BALDIVIS ESTATE PTY LTD,2026-09-08,Registered,Australian Proprietary Company,JOONDALUP,WA,6027
702181084,REHMAT 1 COMAS GROVE PTY LTD,2026-09-08,Registered,Australian Proprietary Company,NARRE WARREN NORTH,VIC,3804
702181388,COMMERCIAL FREIGHT MOVES PTY LTD,2026-09-09,Registered,Australian Proprietary Company,KEW,VIC,3101
702181404,NAZ DEVELOPMENTS PTY LTD,2026-09-08,Registered,Australian Proprietary Company,BANKSTOWN,NSW,2200
702181422,WILL LLEWELLYN KIRTLAND SUPER PTY LTD,2026-09-08,Registered,Australian Proprietary Company,BANKSIA PARK,SA,5091
702181440,SWAY INVESTMENTS PTY LTD,2026-09-08,Registered,Australian Proprietary Company,CARINGBAH,NSW,2229
702181502,LOTUS SMART GROUP PTY LTD,2026-09-08,Registered,Australian Proprietary Company,MITCHELL,ACT,2911
702181520,KORA COFFEE PTY LTD,2026-09-08,Registered,Australian Proprietary Company,ROUSE HILL,NSW,2155
702181584,TRANSFORMACTIONS AI PTY LTD,2026-09-08,Registered,Australian Proprietary Company,THE PONDS,NSW,2769
702181664,IUTE SOLUTIONS PTY LTD,2026-09-08,Registered,Australian Proprietary Company,POINT COOK,VIC,3030
702181726,THE MHN GROUP PTY LTD,2026-09-08,Registered,Australian Proprietary Company,SUNSHINE NORTH,VIC,3020
702181806,MALL ENTERPRISES PTY LTD,2026-09-08,Registered,Australian Proprietary Company,SOUTH YARRA,VIC,3141
702181824,EQUILIS HOLDINGS PTY LTD,2026-09-08,Registered,Australian Proprietary Company,UPPER FLAGSTONE,QLD,4344
702181922,SUMANI FAMILY WEALTH FUND PTY LTD,2026-09-08,Registered,Australian Proprietary Company,TARNEIT,VIC,3029
702182009,ALLIANCE FOR CITIZEN PARTICIPATION PTY LTD,2026-09-09,Registered,Australian Proprietary Company,REDFERN,NSW,2016
702182107,EQUITY WATERPROOFING CONSULTANTS PTY LTD,2026-09-08,Registered,Australian Proprietary Company,ST MARYS,NSW,2760
702182161,DHOT BROTHERS TRANSPORT PTY LTD,2026-09-08,Registered,Australian Proprietary Company,BLACKTOWN,NSW,2148
702182287,JDB EARTHMOVERS PTY LTD,2026-09-08,Registered,Australian Proprietary Company,NORMAN PARK,QLD,4170
702182367,PUN LUXE TRANSFERS PTY LTD,2026-09-08,Registered,Australian Proprietary Company,ALEXANDRA HILLS,QLD,4161
702182385,JNM HOLDINGS PTY LTD,2026-09-08,Registered,Australian Proprietary Company,THORNLIE,WA,6108
702182429,DG PICTURES PTY LTD,2026-09-08,Registered,Australian Proprietary Company,BLACKWALL,NSW,2256
702182545,120.DEV PTY LTD,2026-09-09,Registered,Australian Proprietary Company,NORTH ROCKS,NSW,2151
702182625,BUILDING AND TRADING PTY LTD,2026-09-08,Registered,Australian Proprietary Company,SALISBURY EAST,SA,5109
702182723,J GATIS ENTERPRISES PTY LTD,2026-09-08,Registered,Australian Proprietary Company,HYDE PARK,QLD,4812
702182803,NOBLE CIRCLE CARE PTY LTD,2026-09-08,Registered,Australian Proprietary Company,LURNEA,NSW,2170
702182821,HAWKWARD SMSF PTY LTD,2026-09-08,Registered,Australian Proprietary Company,MURRUMBATEMAN,NSW,2582
702182983,PESTORA PTY LTD,2026-09-09,Registered,Australian Proprietary Company,NORMAN GARDENS,QLD,4701
702183024,DYULOK PTY LTD,2026-09-09,Registered,Australian Proprietary Company,MACQUARIE FIELDS,NSW,2564
702183060,AP MANAGED FUNDS PTY LTD,2026-09-08,Registered,Australian Proprietary Company,MOUNT PRITCHARD,NSW,2170
702183122,KERIVON HEALTH PTY LTD,2026-09-09,Registered,Australian Proprietary Company,NICHOLLS,ACT,2913
702183248,MB EMPIRE GLOBAL PTY LTD,2026-09-08,Registered,Australian Proprietary Company,WOORI YALLOCK,VIC,3139
702183364,BIDDACOTT PTY LTD,2026-09-09,Registered,Australian Proprietary Company,NERANG,QLD,4211
702183588,GRAHAM ROOF RESTORATIONS PTY. LTD,2026-09-08,Registered,Australian Proprietary Company,BRISBANE CITY,QLD,4000
702183720,IS SINGH HOLDINGS PTY LTD,2026-09-08,Registered,Australian Proprietary Company,TRUGANINA,VIC,3029
702183882,WILSON ASSET GROUP AUS PTY LTD,2026-09-08,Registered,Australian Proprietary Company,SURRY HILLS,NSW,2010
702184067,PRIME HEAVY HAUL TRANSPORT PTY LTD,2026-09-08,Registered,Australian Proprietary Company,BYFORD,WA,6122
702184361,RED DUST MACHINERY PTY LTD.,2026-09-08,Registered,Australian Proprietary Company,KALAMUNDA,WA,6076
702184441,GLOBAL TRANSPORT PTY LTD,2026-09-08,Registered,Australian Proprietary Company,GIRRAWEEN,NSW,2145
702184585,HELLO GOODBYE STUDIO PTY LTD,2026-09-08,Registered,Australian Proprietary Company,NEWSTEAD,QLD,4006
702184683,HART CRAWFORD CONTRACTING PTY LTD,2026-09-08,Registered,Australian Proprietary Company,ROSSMOYNE,WA,6148
702184727,HARJEET ASSOCIATES PTY LTD,2026-09-08,Registered,Australian Proprietary Company,WYNDHAM VALE,VIC,3024
702184807,AZAD HAULAGE PTY LTD,2026-09-08,Registered,Australian Proprietary Company,ELLENBROOK,WA,6069
702184889,PUREPLAY SPACES PTY LTD,2026-09-08,Registered,Australian Proprietary Company,TEMPLESTOWE LOWER,VIC,3107
702184941,DOSHI PROPERTIES TRUSCO PTY LTD,2026-09-08,Registered,Australian Proprietary Company,TARNEIT,VIC,3029
702185162,PACK GALLERY & CO PTY LIMITED,2026-09-08,Registered,Australian Proprietary Company,HALLS HEAD,WA,6210
702185206,ISRAGLOW PTY LTD,2026-09-09,Registered,Australian Proprietary Company,EAST MAITLAND,NSW,2323
702185288,PATKILABS PTY LTD,2026-09-09,Registered,Australian Proprietary Company,NORWEST,NSW,2153
702185466,CROSS ELEVATIONS PTY LTD,2026-09-08,Registered,Australian Proprietary Company,KEPNOCK,QLD,4670
702185644,BEDROCK BULLION PTY LTD,2026-09-08,Registered,Australian Proprietary Company,ROSELANDS,NSW,2196
702185804,GUNJAP PTY LTD,2026-09-08,Registered,Australian Proprietary Company,AVELEY,WA,6069
702185822,MECHCONNECT PTY LTD,2026-09-09,Registered,Australian Proprietary Company,TORQUAY,QLD,4655
702185840,NEUME PTY LTD,2026-09-08,Registered,Australian Proprietary Company,IRYMPLE,VIC,3498
702185886,SOLISTRA SOLAR & ENERGY PTY LTD,2026-09-09,Registered,Australian Proprietary Company,WERRIBEE,VIC,3030
702185902,JNH LAB PTY LTD,2026-09-08,Registered,Australian Proprietary Company,BORONIA,VIC,3155
702185920,BAKESAGA PTY LTD,2026-09-09,Registered,Australian Proprietary Company,CAROLINE SPRINGS,VIC,3023
702185966,AUS PRO NUTRITION PTY LTD,2026-09-08,Registered,Australian Proprietary Company,MUDGEERABA,QLD,4213
702186221,LOANE PTY LTD,2026-09-08,Registered,Australian Proprietary Company,SYLVANIA,NSW,2224
702186267,NGO & TAN PTY LTD,2026-09-08,Registered,Australian Proprietary Company,SOUTHBANK,VIC,3006
702186383,C&M AUSPEARL JEWELLERY PTY LTD,2026-09-08,Registered,Australian Proprietary Company,ROSEBERY,NSW,2018
702186409,TRIARC BUILDING HOLDINGS PTY LTD,2026-09-08,Registered,Australian Proprietary Company,COPACABANA,NSW,2251
702186445,SPRINTY PTY LTD,2026-09-08,Registered,Australian Proprietary Company,GLENMORE PARK,NSW,2745
702186543,PROTECTIVE SECURITY PARTNERS PTY LTD,2026-09-08,Registered,Australian Proprietary Company,HAMLYN HEIGHTS,VIC,3215
702186605,AUCTORITAS ENGINEERING ADVISORY PTY LTD,2026-09-08,Registered,Australian Proprietary Company,CAROLINE SPRINGS,VIC,3023
702186801,A.C.N. 702 186 801 PTY LTD,2026-09-08,Registered,Australian Proprietary Company,DENMAN PROSPECT,ACT,2611
702186865,ANITA SONS PTY LTD,2026-09-08,Registered,Australian Proprietary Company,MURRUMBEENA,VIC,3163
702186883,PREMIUM MOTOR HOUSE PTY LTD,2026-09-08,Registered,Australian Proprietary Company,BOX HILL,NSW,2765
702187004,WAFTING FRAGRANCE PTY LTD,2026-09-08,Registered,Australian Proprietary Company,SUNNYBANK,QLD,4109
702187068,GROWDEN LEGAL PTY LTD,2026-09-08,Registered,Australian Proprietary Company,POINT COOK,VIC,3030
702187200,MEHROK VENTURES PTY LTD,2026-09-08,Registered,Australian Proprietary Company,MICKLEHAM,VIC,3064
702187308,MIND & BRIDGE BEHAVIOUR PTY LTD,2026-09-08,Registered,Australian Proprietary Company,MOUNT DRUITT,NSW,2770
702187488,JW ALLEN CONTRACTING PTY LTD,2026-09-08,Registered,Australian Proprietary Company,HINDMARSH,SA,5007
702187871,SJW EQUITIES PTY LTD,2026-09-09,Registered,Australian Proprietary Company,ASHBURTON,VIC,3147
702187915,LANGE ELECTRICAL PTY LTD,2026-09-08,Registered,Australian Proprietary Company,WAYVILLE,SA,5034
702187933,RLP TRANSPORT SERVICES PTY LTD,2026-09-09,Registered,Australian Proprietary Company,AVELEY,WA,6069
702188092,JISARO PTY LTD,2026-09-09,Registered,Australian Proprietary Company,AMAROO,ACT,2914
702188136,KRISHNA KANCHI PTY LTD,2026-09-09,Registered,Australian Proprietary Company,TRUGANINA,VIC,3029
702188216,LEXICON LONGEVITY PTY LTD,2026-09-09,Registered,Australian Proprietary Company,LANE COVE,NSW,2066
702188270,RAHILLAH CHAR PTY LTD,2026-09-09,Registered,Australian Proprietary Company,ENFIELD,SA,5085
702188592,EXPORT MARBLE AUSTRALIA PTY LTD,2026-09-09,Registered,Australian Proprietary Company,CONCORD,NSW,2137
702188672,ATHER PTY LTD,2026-09-09,Registered,Australian Proprietary Company,WATTLE GROVE,WA,6107
702188798,999 WA PTY LTD,2026-09-09,Registered,Australian Proprietary Company,BENTLEY,WA,6102
702188814,CORELINE COMMERCE PTY LTD,2026-09-09,Registered,Australian Proprietary Company,BRAY PARK,QLD,4500
702188850,EXPORT NATURAL STONE AUS PTY LTD,2026-09-09,Registered,Australian Proprietary Company,CONCORD,NSW,2137
702188976,GREGORY FOOD PTY LTD,2026-09-09,Registered,Australian Proprietary Company,CAMPBELLTOWN,NSW,2560
702188994,SOLAR PANEL RENEWABLES PTY LTD,2026-09-09,Registered,Australian Proprietary Company,SOUTHBANK,VIC,3006
702189053,SMART WORLDWIDE PTY LTD,2026-09-09,Registered,Australian Proprietary Company,CLOVERDALE,WA,6105
702189133,MAH FAMILY PTY LTD,2026-09-09,Registered,Australian Proprietary Company,POINT COOK,VIC,3030
702189213,R.A.H. COLLECTIVE PTY LTD,2026-09-09,Registered,Australian Proprietary Company,PADDINGTON,NSW,2021
702189535,MFX BURLEIGH PTY LTD,2026-09-09,Registered,Australian Proprietary Company,SUNSHINE BEACH,QLD,4567
702189553,PSG WA PTY LTD,2026-09-09,Registered,Australian Proprietary Company,WEST PERTH,WA,6005
702189599,BETTER TOGETHER PICTURES PTY LTD,2026-09-09,Registered,Australian Proprietary Company,MOUNT TABOR,QLD,4370
702189615,RUPP PROJECTS PTY LTD,2026-09-09,Registered,Australian Proprietary Company,AITKENVALE,QLD,4814
702189633,TORITO FOODS PTY LTD,2026-09-09,Registered,Australian Proprietary Company,SWAN HILL,VIC,3585
702189679,ACE ENTERPRISES GROUP PTY LTD,2026-09-09,Registered,Australian Proprietary Company,CALAMVALE,QLD,4116
702189713,RILEYS BLACKTOWN PTY LTD,2026-09-09,Registered,Australian Proprietary Company,SEVEN HILLS,NSW,2147
702189759,SHARP VENEER HOLDING PTY LTD,2026-09-09,Registered,Australian Proprietary Company,MILTON,QLD,4064
702189777,SHARP VENEER CO PTY LTD,2026-09-09,Registered,Australian Proprietary Company,MILTON,QLD,4064
702189875,MUSCLESCAN PTY LTD,2026-09-09,Registered,Australian Proprietary Company,CHERRYBROOK,NSW,2126
702189937,JONESTOPIA INDUSTRIES PTY LTD,2026-09-09,Registered,Australian Proprietary Company,SIPPY DOWNS,QLD,4556
702190038,MC ELECTRICAL & COMMUNICATIONS PTY LTD,2026-09-09,Registered,Australian Proprietary Company,PARKSIDE,SA,5063
702190074,JARRATT HOLDINGS PTY LTD,2026-09-09,Registered,Australian Proprietary Company,ARMIDALE,NSW,2350
702190092,LONG RANGE (VIC) PTY LTD,2026-09-09,Registered,Australian Proprietary Company,MOUNT WAVERLEY,VIC,3149
702190190,PEPTIDE LABS AUS PTY LTD,2026-09-09,Registered,Australian Proprietary Company,SURRY HILLS,NSW,2010
702190234,JND SPORTS ENTERPRISES PTY LTD,2026-09-09,Registered,Australian Proprietary Company,VARSITY LAKES,QLD,4227
702190252,BALDSICK SUPER PTY LTD,2026-09-09,Registered,Australian Proprietary Company,WOOLOOWIN,QLD,4030
702190270,CIB AGRI PTY LTD,2026-09-09,Registered,Australian Proprietary Company,EAST PALMERSTON,QLD,4860
702190298,FLAME YARD PTY LTD,2026-09-09,Registered,Australian Proprietary Company,CORINDA,QLD,4075
702190314,XEPRESS PTY LTD,2026-09-09,Registered,Australian Proprietary Company,ROCKLEA,QLD,4106
702190332,LEISURECHECK BUYER INTELLIGENCE PTY LTD,2026-09-09,Registered,Australian Proprietary Company,CLEAR ISLAND WATERS,QLD,4226
702190350,TOUGH AS NAILS CARPENTRY PTY LTD,2026-09-09,Registered,Australian Proprietary Company,DANDENONG,VIC,3175
702190396,STUNT HQ AUSTRALIA PTY LTD,2026-09-09,Registered,Australian Proprietary Company,VARSITY LAKES,QLD,4227
702190458,TOMU SUBUYAKO STUDIO PTY LTD.,2026-09-09,Registered,Australian Proprietary Company,BARRACK POINT,NSW,2528
702190556,JR GLOVER PTY LTD,2026-09-09,Registered,Australian Proprietary Company,SPENCE,ACT,2615
702190592,GINZ SUPER PTY LTD,2026-09-09,Registered,Australian Proprietary Company,FORTITUDE VALLEY,QLD,4006
702190618,CDT HOSPITALITY PTY LTD,2026-09-09,Registered,Australian Proprietary Company,HAWTHORNE,QLD,4171
702190636,SYDNEY SUPERYACHT COLLECTIVE PTY LTD,2026-09-09,Registered,Australian Proprietary Company,ELIZABETH BAY,NSW,2011
702190798,CATHEDRAL FORTITUDE VALLEY PTY LTD,2026-09-09,Registered,Australian Proprietary Company,SOUTH MELBOURNE,VIC,3205
702190832,ANTI-STATIC PTY LTD,2026-09-09,Registered,Australian Proprietary Company,SYDNEY,NSW,2000
702190994,RHESTA PTY LTD,2026-09-09,Registered,Australian Proprietary Company,BOONAH,QLD,4310
702191311,RA PRODUCT CONSULTING PTY LTD,2026-09-09,Registered,Australian Proprietary Company,TRUGANINA,VIC,3029
702191437,FRANK LAY INVESTMENTS PTY LTD,2026-09-09,Registered,Australian Proprietary Company,ALDERLEY,QLD,4051
702191455,TKLJ GROUP PTY LTD,2026-09-09,Registered,Australian Proprietary Company,GEELONG,VIC,3220
702191491,ACTIONIQ COLLECTIVE PTY LTD,2026-09-09,Registered,Australian Proprietary Company,DERRIMUT,VIC,3026
702191571,HDKC PROPERTIES NO. 1 PTY LTD,2026-09-09,Registered,Australian Proprietary Company,NORTH SYDNEY,NSW,2060
702191633,DIGITAL ENTERPRISES PTY LTD,2026-09-09,Registered,Australian Proprietary Company,KALLANGUR,QLD,4503
702191713,FORWARD BLOCK PTY LTD,2026-09-09,Registered,Australian Proprietary Company,MIDLAND,WA,6056
702191795,PASS SUPERANNUATION PTY LTD,2026-09-09,Registered,Australian Proprietary Company,BRISBANE CITY,QLD,4000
702191811,CASENTA PTY LTD,2026-09-09,Registered,Australian Proprietary Company,MERRIMAC,QLD,4226
702191857,C&C PROJECTS PTY LTD,2026-09-09,Registered,Australian Proprietary Company,CAMMERAY,NSW,2062
702191937,POLART ASSETS 4 PTY LTD,2026-09-09,Registered,Australian Proprietary Company,SURFERS PARADISE,QLD,4217
702192032,REINO PROPERTY GROUP PTY LTD,2026-09-09,Registered,Australian Proprietary Company,NORTH PARRAMATTA,NSW,2151
702192050,WILLOW ST PTY LTD,2026-09-09,Registered,Australian Proprietary Company,PORT KEMBLA,NSW,2505
702192078,PROLYNX PTY LTD,2026-09-09,Registered,Australian Proprietary Company,SOUTHBANK,VIC,3006
702192096,DMR WEALTH FUND PTY LTD,2026-09-09,Registered,Australian Proprietary Company,BARGARA,QLD,4670
702192112,L AND L THISTLETON PTY LTD,2026-09-09,Registered,Australian Proprietary Company,ADELAIDE,SA,5000
702192158,HANNINGTON HEALTH PTY LTD,2026-09-09,Registered,Australian Proprietary Company,POINT COOK,VIC,3030
702192194,FIELDER FAMILY HEALTH PTY LTD,2026-09-09,Registered,Australian Proprietary Company,VAUCLUSE,NSW,2030
702192274,BLUEGRASS GROUP PTY LTD,2026-09-09,Registered,Australian Proprietary Company,ERSKINEVILLE,NSW,2043
702192390,BLACK BOX VAULT PTY LTD,2026-09-09,Registered,Australian Proprietary Company,MELBOURNE,VIC,3000
702192434,EMBODY AI PTY LTD,2026-09-09,Registered,Australian Proprietary Company,BARANGAROO,NSW,2000
702192470,EVOLUTION HEALTH CARE PTY LTD,2026-09-09,Registered,Australian Proprietary Company,HAMILTON,NSW,2303
702192498,SAFETY INK PTY LTD,2026-09-09,Registered,Australian Proprietary Company,SYDNEY,NSW,2000
702192514,THE SCIENCE OF GOOD FRUIT & VEG PTY LTD,2026-09-09,Registered,Australian Proprietary Company,MALVERN EAST,VIC,3145
702192550,RED LION SAFETY PTY LTD,2026-09-09,Registered,Australian Proprietary Company,MACKAY,QLD,4740
702192578,AB THORNFIELD PTY LTD,2026-09-09,Registered,Australian Proprietary Company,ASQUITH,NSW,2077
702192612,MOSAIC CLINICAL TECHNOLOGIES (AUSTRALIA) PTY LTD,2026-09-09,Registered,Australian Proprietary Company,BRISBANE CITY,QLD,4000
702192658,TALAA THERAPEUTIC MASSAGE PTY. LIMITED,2026-09-09,Registered,Australian Proprietary Company,THIRROUL,NSW,2515
702192774,SOMNUS VENTURES NOMINEES PTY LTD,2026-09-09,Registered,Australian Proprietary Company,NARRE WARREN NORTH,VIC,3804
702192792,BIG LIFT SOLUTIONS PTY. LTD.,2026-09-09,Registered,Australian Proprietary Company,KALGOORLIE,WA,6430
702192818,CAUDURO INTERNATIONAL PTY LTD,2026-09-09,Registered,Australian Proprietary Company,ALBURY,NSW,2640
702192836,NKV DENTAL GROUP PTY LTD,2026-09-09,Registered,Australian Proprietary Company,RIPPLESIDE,VIC,3215
702192854,TOBIN BROTHERS APPOINTER PTY LTD,2026-09-09,Registered,Australian Proprietary Company,FORTITUDE VALLEY,QLD,4006
702192872,RANGE ROAD COLLECTIVE PTY LTD,2026-09-09,Registered,Australian Proprietary Company,PARRAMATTA,NSW,2150
702192890,CHRISTIE PROPERTY INVESTMENTS QLD PTY LTD,2026-09-09,Registered,Australian Proprietary Company,OXENFORD,QLD,4210
702192916,MGE RIVERLAND PTY LTD,2026-09-09,Registered,Australian Proprietary Company,LOXTON,SA,5333
702193011,MACHINE INTELLIGENCE CONSULTING GROUP PTY LTD,2026-09-09,Registered,Australian Proprietary Company,MELBOURNE,VIC,3000
702193119,PRICE FAMILY SUPER QLD PTY LTD,2026-09-09,Registered,Australian Proprietary Company,ROCKHAMPTON,QLD,4700
702193155,BUILT BY CUSTOM PTY LTD,2026-09-09,Registered,Australian Proprietary Company,MOORABBIN,VIC,3189
702193191,DHAY PTY LTD,2026-09-09,Registered,Australian Proprietary Company,FITZROY NORTH,VIC,3068
702193235,TAILORED HVAC PTY LTD,2026-09-09,Registered,Australian Proprietary Company,CARINGBAH,NSW,2229
702193253,MILLOY SUPER PROPERTY PTY LTD,2026-09-09,Registered,Australian Proprietary Company,PENRITH,NSW,2750
702193299,HM TRANSPORT SYDNEY PTY LTD,2026-09-09,Registered,Australian Proprietary Company,FAIRFIELD WEST,NSW,2165
702193333,BAYSIDE HORIZON PTY LTD,2026-09-09,Registered,Australian Proprietary Company,MORNINGTON,VIC,3931
702193379,REGIONS STUDIO PTY LTD,2026-09-09,Registered,Australian Proprietary Company,MELBOURNE,VIC,3000
702193477,MK UNITY GROUP PTY LTD,2026-09-09,Registered,Australian Proprietary Company,WYNDHAM VALE,VIC,3024
702193495,SK-D-MCN HOLDINGS PTY LTD,2026-09-09,Registered,Australian Proprietary Company,WYONG,NSW,2259
702193511,MONA VALE DERMATOLOGY PTY LTD,2026-09-09,Registered,Australian Proprietary Company,FORTITUDE VALLEY,QLD,4006
702193539,BEGGS FAMILY INVESTMENTS PTY LTD,2026-09-09,Registered,Australian Proprietary Company,CHELSEA,VIC,3196
702193557,SUNDAY CO SUPER FUND PTY LTD,2026-09-09,Registered,Australian Proprietary Company,CLONTARF,NSW,2093
702193593,KENZAVA PTY LTD,2026-09-09,Registered,Australian Proprietary Company,TELINA,QLD,4680
702193637,CONSTRUCTION GROUP AUSTRALIA PTY LTD,2026-09-09,Registered,Australian Proprietary Company,NIDDRIE,VIC,3042
702193673,JTKNAT HOLDINGS PTY LTD,2026-09-09,Registered,Australian Proprietary Company,EAST BALLINA,NSW,2478
702193691,GOLDEN LUCK PTY LTD,2026-09-09,Registered,Australian Proprietary Company,TURRAMURRA,NSW,2074
702193815,MIRUCE PTY LTD,2026-09-09,Registered,Australian Proprietary Company,PRESTONS,NSW,2170
702193913,FANG TING PTY LTD,2026-09-09,Registered,Australian Proprietary Company,MELBOURNE,VIC,3000
702193931,BLD & HTD PROPERTY 3 PTY LTD,2026-09-09,Registered,Australian Proprietary Company,BELAIR,SA,5052
702194134,KUS FAMILY SUPER NOMINEES PTY LTD,2026-09-09,Registered,Australian Proprietary Company,NUNAWADING,VIC,3131
702194152,A&C BASILE SUPERANNUATION PTY LTD,2026-09-09,Registered,Australian Proprietary Company,SWAN HILL,VIC,3585
702194170,METROLINE DRAINAGE PTY LTD,2026-09-09,Registered,Australian Proprietary Company,PRESTON,VIC,3072
702194232,AINSLIE & LONDON PTY LIMITED,2026-09-09,Registered,Australian Proprietary Company,CANBERRA,ACT,2601
702194250,BARRACKS CANBERRA PTY LIMITED,2026-09-09,Registered,Australian Proprietary Company,CANBERRA,ACT,2601
702194278,SLOMPO & BOSCHI HOLDINGS PTY LTD,2026-09-09,Registered,Australian Proprietary Company,NORTH LAKES,QLD,4509
702194296,RANDWICK PLP PTY LTD,2026-09-09,Registered,Australian Proprietary Company,DOCKLANDS,VIC,3008
702194312,NEXUS OPS PTY LTD,2026-09-09,Registered,Australian Proprietary Company,BELROSE,NSW,2085
702194330,LATI PROJECTS PTY LTD,2026-09-09,Registered,Australian Proprietary Company,WILLOUGHBY NORTH,NSW,2068
702194394,ATELIER DESIM PTY LTD,2026-09-09,Registered,Australian Proprietary Company,MELBOURNE,VIC,3000
702194410,GABAGOOL INVESTMENTS PTY LIMITED,2026-09-09,Registered,Australian Proprietary Company,PITT TOWN,NSW,2756
702194438,CDAH PRO PTY LTD,2026-09-09,Registered,Australian Proprietary Company,ORMISTON,QLD,4160
702194518,MPG LIVING PTY LIMITED,2026-09-09,Registered,Australian Proprietary Company,CANBERRA,ACT,2601
702194634,PSA103 PTY LTD,2026-09-09,Registered,Australian Proprietary Company,MOUNT COTTON,QLD,4165
702194652,MANA PROPERTY HOLDINGS PTY LTD,2026-09-09,Registered,Australian Proprietary Company,PIMPAMA,QLD,4209
702194670,HOUSE OF POWELL PTY LTD,2026-09-09,Registered,Australian Proprietary Company,BUDERIM,QLD,4556
702194698,MONTY GOLF GARAGE PTY LTD,2026-09-09,Registered,Australian Proprietary Company,MONTMORENCY,VIC,3094
702194714,GRAILMARKET PTY LTD,2026-09-09,Registered,Australian Proprietary Company,WOODBINE,NSW,2560
702194750,APAC PROJECT SOURCING PTY LTD,2026-09-09,Registered,Australian Proprietary Company,SYDNEY,NSW,2000
702194830,ADMIT IQ PTY LTD,2026-09-09,Registered,Australian Proprietary Company,BALWYN NORTH,VIC,3104
702194894,435 WILLIAMSTOWN ROAD PTY LTD,2026-09-09,Registered,Australian Proprietary Company,DOCKLANDS,VIC,3008
702194910,M & M BORISENKO COMPANY PTY LTD,2026-09-09,Registered,Australian Proprietary Company,CARLTON,VIC,3053
702195015,HARDMID CONSTRUCTION PTY LTD,2026-09-09,Registered,Australian Proprietary Company,GRIFFITH,ACT,2603
702195097,STOCKWARE CO PTY LTD,2026-09-09,Registered,Australian Proprietary Company,WETHERILL PARK,NSW,2164
702195131,G & S MULCAHY UT PTY LTD,2026-09-09,Registered,Australian Proprietary Company,ACTON PARK,TAS,7170
702195177,PERTH METAL GROUP PTY LTD,2026-09-09,Registered,Australian Proprietary Company,NAVAL BASE,WA,6165
702195195,BHALACHANDRA PTY LTD,2026-09-09,Registered,Australian Proprietary Company,WENTWORTHVILLE,NSW,2145
702195239,WALCHA LAND HOLDING PTY LTD,2026-09-09,Registered,Australian Proprietary Company,BONDI JUNCTION,NSW,2022
702195293,JOHNSTONE CATERING PTY LTD,2026-09-09,Registered,Australian Proprietary Company,TAYLORS BEACH,NSW,2316
702195355,HUBUINTEL PTY LTD,2026-09-09,Registered,Australian Proprietary Company,SYDNEY,NSW,2000
702195417,HRI GROUP PTY LTD,2026-09-09,Registered,Australian Proprietary Company,MACKAY,QLD,4740
702195435,SYNRISE HOLDINGS PTY LTD,2026-09-09,Registered,Australian Proprietary Company,RHODES,NSW,2138
702195453,BBR3 PTY LTD,2026-09-09,Registered,Australian Proprietary Company,BRISBANE AIRPORT,QLD,4008
702195471,SAE TECH PTY LTD,2026-09-09,Registered,Australian Proprietary Company,NEWSTEAD,TAS,7250
702195515,THE SCCC HOLDINGS PTY LTD,2026-09-09,Registered,Australian Proprietary Company,DAWES POINT,NSW,2000
702195533,SMART TOILET INNOVATIONS PTY LTD,2026-09-09,Registered,Australian Proprietary Company,MELBOURNE,VIC,3000
702195551,SIMMS FAMILY SUPER PTY LTD,2026-09-09,Registered,Australian Proprietary Company,BAULKHAM HILLS,NSW,2153
702195695,LIFESPAN MEDICAL PTY LTD,2026-09-09,Registered,Australian Proprietary Company,FEDERAL,NSW,2480
702195739,HERHOF-SMITH SF PTY LTD,2026-09-09,Registered,Australian Proprietary Company,COFFS HARBOUR,NSW,2450
702195775,ROCKSPRINGS AUSTRALIA PTY LTD,2026-09-09,Registered,Australian Proprietary Company,CREMORNE,NSW,2090
702195793,QUESTIVIO PTY LTD,2026-09-09,Registered,Australian Proprietary Company,TRUGANINA,VIC,3029
702195819,MLL CIVIL PTY LTD,2026-09-09,Registered,Australian Proprietary Company,CLERMONT,QLD,4721
702195999,WM & ND INVESTMENTS PTY LTD,2026-09-09,Registered,Australian Proprietary Company,LEPPINGTON,NSW,2179
702196094,AMIGO LOGISTICS PTY LTD,2026-09-09,Registered,Australian Proprietary Company,CRAIGIEBURN,VIC,3064
702196138,ECIE PTY LTD,2026-09-09,Registered,Australian Proprietary Company,NEDLANDS,WA,6009
702196156,YOUNG & CO PROPERTY SOLUTIONS PTY LTD,2026-09-09,Registered,Australian Proprietary Company,OLD BEACH,TAS,7017
702196174,JBZH HOLDINGS PTY LTD,2026-09-09,Registered,Australian Proprietary Company,KELLYVILLE,NSW,2155
702196192,MANATHS PTY LTD,2026-09-09,Registered,Australian Proprietary Company,CRONULLA,NSW,2230
702196218,KAMCHA FAMILY PROPERTY HOLDINGS PTY LTD,2026-09-09,Registered,Australian Proprietary Company,HARRINGTON PARK,NSW,2567
702196272,MILES PROPERTY PARTNERS PTY LTD,2026-09-09,Registered,Australian Proprietary Company,BROOKVALE,NSW,2100
702196316,MTA DUP PTY LTD,2026-09-09,Registered,Australian Proprietary Company,KINGSGROVE,NSW,2208
702196352,VALLEY AND COAST CONTRACTING PTY LTD,2026-09-09,Registered,Australian Proprietary Company,GRAFTON,NSW,2460
702196370,JORMAX INVESTMENTS PTY LTD,2026-09-09,Registered,Australian Proprietary Company,GRIFFITH,ACT,2603
702196398,RUPP'S RIDGE ARTISAN PRODUCTS PTY LTD,2026-09-09,Registered,Australian Proprietary Company,ROCKINGHAM,WA,6168
702196414,J&A FAMILY HOLDINGS PTY LTD,2026-09-09,Registered,Australian Proprietary Company,KENT TOWN,SA,5067
702196478,LODESTONE TECHNOLOGIES PTY LTD,2026-09-09,Registered,Australian Proprietary Company,MILTON,QLD,4064
702196512,GLOBAL AFRICAN AUSTRALIAN BUSINESS FORUM PTY LTD.,2026-09-09,Registered,Australian Proprietary Company,PIMPAMA,QLD,4209
702196558,MONTEREY CARPENTRY PTY LTD,2026-09-09,Registered,Australian Proprietary Company,MASCOT,NSW,2020
702196610,FINITY HOLDING PTY LTD,2026-09-09,Registered,Australian Proprietary Company,CANNONVALE,QLD,4802
702196674,LUCHOWA SUPER PTY LTD,2026-09-09,Registered,Australian Proprietary Company,COMO,WA,6152
702196736,WE SPEAK AUSTRALIAN PTY LTD,2026-09-09,Registered,Australian Proprietary Company,ST KILDA,VIC,3182
702196772,KRD INNOVATION PTY LTD,2026-09-09,Registered,Australian Proprietary Company,ALKIMOS,WA,6038
702196790,SOUZA PLUMBING PTY LTD,2026-09-09,Registered,Australian Proprietary Company,HOMEBUSH,NSW,2140
702196816,WZS PRO PTY LTD,2026-09-09,Registered,Australian Proprietary Company,HADFIELD,VIC,3046
702196852,KEENEAS ELECTRICAL PTY LTD,2026-09-09,Registered,Australian Proprietary Company,EMU HEIGHTS,NSW,2750
702196914,MULTIFUNDS CAPITAL MANAGEMENT PTY LTD,2026-09-09,Registered,Australian Proprietary Company,BURBANK,QLD,4156
702196978,CULT ELEGANT PTY LTD.,2026-09-09,Registered,Australian Proprietary Company,NERANG,QLD,4211
702197153,TOWELL CONSULTING PTY LTD,2026-09-09,Registered,Australian Proprietary Company,ORANGE,NSW,2800
702197171,HARRIS LIVESTOCK PTY LTD,2026-09-09,Registered,Australian Proprietary Company,ORANGE,NSW,2800
702197199,GOODFENCING AUS PTY LTD,2026-09-09,Registered,Australian Proprietary Company,GEORGES HALL,NSW,2198
702197215,FUTURE BUSINESS GROUP DU PTY LTD,2026-09-09,Registered,Australian Proprietary Company,MOUNT WAVERLEY,VIC,3149
702197251,THOMAS PROJECT BLUE PTY LTD,2026-09-09,Registered,Australian Proprietary Company,GOONDIWINDI,QLD,4390
702197395,DHILLON CK SMSF PTY LTD,2026-09-09,Registered,Australian Proprietary Company,WALLAN,VIC,3756
702197439,JJ TOURING PTY LTD,2026-09-09,Registered,Australian Proprietary Company,KANAHOOKA,NSW,2530
702197457,MOONAH FAMILY PTY LTD,2026-09-09,Registered,Australian Proprietary Company,HAWTHORN,VIC,3122
702197519,TIPPERARY CONSTRUCTION PTY LTD,2026-09-09,Registered,Australian Proprietary Company,WARWICK,WA,6024
702197555,LEADS OF GRACE PTY LTD,2026-09-09,Registered,Australian Proprietary Company,JIMBOOMBA,QLD,4280
702197591,MONTY'S CIVIL PTY LTD,2026-09-09,Registered,Australian Proprietary Company,CABOOLTURE,QLD,4510
702197653,PERTH SPECIALIST SURGERY PTY LTD,2026-09-09,Registered,Australian Proprietary Company,SUBIACO,WA,6008
702197671,ASIA TRADE SOLUTIONS PTY LTD,2026-09-09,Registered,Australian Proprietary Company,DUNCRAIG,WA,6023
702197797,TONKIN PROPERTY INVESTMENT CO PTY LTD,2026-09-09,Registered,Australian Proprietary Company,WANNEROO,WA,6065
702197877,STENBECK INVESTMENTS PTY LTD,2026-09-09,Registered,Australian Proprietary Company,BRIDGETOWN,WA,6255
702197957,EMBEEDEE SUPER PTY LTD,2026-09-09,Registered,Australian Proprietary Company,SUBIACO,WA,6008
702198052,DOMIRA TRADING COMPANY PTY LTD,2026-09-09,Registered,Australian Proprietary Company,COOGEE,NSW,2034
702198098,AMST FINANCIALS PTY LTD,2026-09-09,Registered,Australian Proprietary Company,DOREEN,VIC,3754
702198114,E BENNETT FAMILY GROUP PTY LTD,2026-09-09,Registered,Australian Proprietary Company,LAKE CATHIE,NSW,2445
702198150,JENSCO INDUSTRIES PTY LTD,2026-09-09,Registered,Australian Proprietary Company,GREGORY RIVER,QLD,4800
702198212,PRIDE SERVICE COMPANY PTY LTD,2026-09-09,Registered,Australian Proprietary Company,NURIOOTPA,SA,5355
702198418,DUKE ST INVESTMENTS PTY LTD,2026-09-09,Registered,Australian Proprietary Company,TOOWONG,QLD,4066
702198454,THY FH 1 PTY LTD,2026-09-09,Registered,Australian Proprietary Company,MELBOURNE,VIC,3000
702198570,RUWOLDT SUPERANNUATION PTY LTD,2026-09-09,Registered,Australian Proprietary Company,MOUNT GAMBIER,SA,5290
702198632,D WASTELL SUPER PTY LTD,2026-09-09,Registered,Australian Proprietary Company,EDEN,NSW,2551
702198712,EON ROYALTIES PTY LTD,2026-09-09,Registered,Australian Proprietary Company,SUBIACO,WA,6008
702198730,KARRI PEOPLE PTY LTD,2026-09-09,Registered,Australian Proprietary Company,WANGARA,WA,6065
702198838,MBH LEGACY HOLDINGS PTY LTD,2026-09-09,Registered,Australian Proprietary Company,EAST MAITLAND,NSW,2323
702198892,NUNN SERVICES PTY LTD,2026-09-09,Registered,Australian Proprietary Company,DUBBO,NSW,2830
702198936,G&D CAFE PTY LTD,2026-09-09,Registered,Australian Proprietary Company,BELVEDERE,QLD,4860
702199059,RUWOLDT CUSTODIAN PTY LTD,2026-09-09,Registered,Australian Proprietary Company,MOUNT GAMBIER,SA,5290
702199111,FOUR CLOVERS HOLDINGS PTY LTD,2026-09-09,Registered,Australian Proprietary Company,ORAN PARK,NSW,2570
702199193,STRAIGHT UP EARTHWORKS PTY LTD,2026-09-09,Registered,Australian Proprietary Company,THORNTON,NSW,2322
702199291,DATM INVESTMENTS PTY LTD,2026-09-09,Registered,Australian Proprietary Company,BOXERS CREEK,NSW,2580
702199335,WD INDUSTRIAL PTY LTD,2026-09-09,Registered,Australian Proprietary Company,ROWVILLE,VIC,3178
702199415,WOODS VET INVESTMENTS PTY LTD,2026-09-09,Registered,Australian Proprietary Company,BRIDGETOWN,WA,6255
702199433,SOUTHBRIDGE GLOBAL PTY LTD,2026-09-09,Registered,Australian Proprietary Company,MALVERN,SA,5061
702199479,BLOOMJAR MIDCO. PTY LTD,2026-09-09,Registered,Australian Proprietary Company,BALCATTA,WA,6021
702199497,CLIFTON PARTNERS AGRICULTURE PTY LTD,2026-09-09,Registered,Australian Proprietary Company,REDAN,VIC,3350
702199513,PURIVEX PTY LTD,2026-09-09,Registered,Australian Proprietary Company,BELLA VISTA,NSW,2153
702199559,MUSCLE CITY GYM DINGLEY VILLAGE PTY LTD,2026-09-09,Registered,Australian Proprietary Company,BLACKBURN,VIC,3130
702199595,AQBELLA PTY LTD,2026-09-09,Registered,Australian Proprietary Company,BUNDOORA,VIC,3083
702199853,DEGATO CO PTY LTD,2026-09-09,Registered,Australian Proprietary Company,OSBORNE PARK,WA,6017
702199899,KAMAKABR 1 PTY LIMITED,2026-09-09,Registered,Australian Proprietary Company,MURARRIE,QLD,4172
702199933,AFTER HOURS GOLF CLUB PTY LTD,2026-09-09,Registered,Australian Proprietary Company,WETHERILL PARK,NSW,2164
702199951,MAM FAMILY 789 PTY LTD,2026-09-09,Registered,Australian Proprietary Company,RIVERLEA PARK,SA,5120
702200011,224-230 THE PARADE PTY LTD,2026-09-09,Registered,Australian Proprietary Company,ADELAIDE,SA,5000
702200075,FAT TONY'S FUTURE PTY LTD,2026-09-09,Registered,Australian Proprietary Company,WILBERFORCE,NSW,2756
702200093,ROO AND BEE PTY LTD,2026-09-09,Registered,Australian Proprietary Company,DICKSON,ACT,2602
702200191,MOONAH ASSET MANAGEMENT PTY LTD,2026-09-09,Registered,Australian Proprietary Company,HAWTHORN,VIC,3122
702200299,WESLEY GUNGAHLIN LTD,2026-09-09,Registered,Australian Public Company,SYDNEY,NSW,2000
702200333,EASY ASSET CUSTODIAN PTY LTD,2026-09-09,Registered,Australian Proprietary Company,NORWEST,NSW,2153
702200397,LEIGHTONS LAW PTY LTD,2026-09-09,Registered,Australian Proprietary Company,BARTON,ACT,2600
702200431,EIS & CO HOLDINGS PTY LTD,2026-09-09,Registered,Australian Proprietary Company,DOVER HEIGHTS,NSW,2030
702200539,FIND GOLD PTY LTD,2026-09-09,Registered,Australian Proprietary Company,NUNAWADING,VIC,3131
702200619,OOTW GROUP PTY LTD,2026-09-09,Registered,Australian Proprietary Company,BANKSTOWN,NSW,2200
702200673,BLACKMESH PTY LTD.,2026-09-09,Registered,Australian Proprietary Company,OSBORNE PARK,WA,6017
702200717,S & C ROACH SUPER PTY LTD,2026-09-09,Registered,Australian Proprietary Company,GRIFFITH,NSW,2680
702200735,HELLO FLORENSE PTY LTD,2026-09-09,Registered,Australian Proprietary Company,ADELAIDE,SA,5000
702200771,J & E CAPITAL HOLDINGS PTY LTD,2026-09-09,Registered,Australian Proprietary Company,MILDURA,VIC,3500
702200879,MEEKIN FUND PTY. LTD.,2026-09-09,Registered,Australian Proprietary Company,WEST PERTH,WA,6005
702200913,17 FREEWAY DRIVE PTY LTD,2026-09-09,Registered,Australian Proprietary Company,PASCOE VALE,VIC,3044
702200931,WESTERN PROPERTY GROUP SERVICES PTY LTD,2026-09-09,Registered,Australian Proprietary Company,PORT MELBOURNE,VIC,3207
702200977,PIND NAT PTY LTD,2026-09-09,Registered,Australian Proprietary Company,CRAIGIEBURN,VIC,3064
702201116,BIG PLATE PTY LTD,2026-09-09,Registered,Australian Proprietary Company,MORNINGSIDE,QLD,4170
702201170,R J CLEANING SERVICES PTY LTD,2026-09-09,Registered,Australian Proprietary Company,WOLLONGONG,NSW,2500
702201198,L MCMAHON HOLDINGS PTY LTD,2026-09-09,Registered,Australian Proprietary Company,SUBIACO,WA,6008
702201330,MW VAULT PTY LTD,2026-09-09,Registered,Australian Proprietary Company,SUNNYBANK,QLD,4109
702201670,RENFORT PTY LTD,2026-09-09,Registered,Australian Proprietary Company,LANE COVE WEST,NSW,2066
702201750,BETTAAI PTY LTD,2026-09-09,Registered,Australian Proprietary Company,ALBANY CREEK,QLD,4035
702201830,LEDGERR PTY LTD,2026-09-09,Registered,Australian Proprietary Company,NEW FARM,QLD,4005
702201938,A & S PATTEN PROPERTY PTY LTD,2026-09-09,Registered,Australian Proprietary Company,MANNERING PARK,NSW,2259
702201956,KOLTZOW GROUP PTY LTD,2026-09-09,Registered,Australian Proprietary Company,OLD BAR,NSW,2430
702202015,AIRLIE BACKPACKERS PTY LTD,2026-09-09,Registered,Australian Proprietary Company,CANNONVALE,QLD,4802
702202051,TRADE WITH PASSION PTY LTD,2026-09-09,Registered,Australian Proprietary Company,BERWICK,VIC,3806
702202113,INVOPAYO PTY LTD,2026-09-09,Registered,Australian Proprietary Company,OLD BAR,NSW,2430
702202131,TRISALI PTY LTD,2026-09-09,Registered,Australian Proprietary Company,SYDNEY,NSW,2000
702202195,HOPE GLOBAL HOLDINGS PTY LTD,2026-09-09,Registered,Australian Proprietary Company,ARMSTRONG CREEK,VIC,3217
702202239,ARTHA CAPITAL INVESTMENT PTY LTD,2026-09-09,Registered,Australian Proprietary Company,CLYDE NORTH,VIC,3978
702202293,FROSTBITE IT PTY LTD.,2026-09-09,Registered,Australian Proprietary Company,COLLINSWOOD,SA,5081
702202391,PRIMEROAD SERVICES PTY LTD,2026-09-09,Registered,Australian Proprietary Company,TARNEIT,VIC,3029
702202499,SWANJOHN PTY LTD,2026-09-09,Registered,Australian Proprietary Company,HAMILTON SOUTH,NSW,2303
702202515,PR MALLHI PTY LTD,2026-09-09,Registered,Australian Proprietary Company,HORSHAM,VIC,3400
702202579,CLM DISABILITY SUPPORT PTY LTD,2026-09-09,Registered,Australian Proprietary Company,CABOOLTURE,QLD,4510
702202711,SYVRE PTY. LTD.,2026-09-09,Registered,Australian Proprietary Company,SOUTH YARRA,VIC,3141
702202793,EDGEQUB PTY LTD,2026-09-10,Registered,Australian Proprietary Company,KINGSCLIFF,NSW,2487
702202837,OUR SUBURB PROFILE PTY LTD,2026-09-09,Registered,Australian Proprietary Company,ALBANY CREEK,QLD,4035
702202891,COASTAL SUPER FUND PTY LTD,2026-09-09,Registered,Australian Proprietary Company,TERRIGAL,NSW,2260
702202971,CENTA TENET PTY LTD,2026-09-09,Registered,Australian Proprietary Company,MELBOURNE,VIC,3000
702203012,COMMONGROUND OC PTY LTD,2026-09-09,Registered,Australian Proprietary Company,MELBOURNE,VIC,3000
702203030,KALER & ROOPRAI SMSF PTY LTD,2026-09-09,Registered,Australian Proprietary Company,MOONEE PONDS,VIC,3039
702203058,VERTICALLE PROPERTY PTY LTD,2026-09-09,Registered,Australian Proprietary Company,SOUTH PERTH,WA,6151
702203110,NESTO PRESTO PTY LTD,2026-09-09,Registered,Australian Proprietary Company,BRIGHTON,VIC,3186
702203254,ALLIANCE BUYER AGENTS PTY LTD,2026-09-09,Registered,Australian Proprietary Company,ARTARMON,NSW,2064
702203272,LD NASH HOLDINGS PTY LTD,2026-09-09,Registered,Australian Proprietary Company,TOWNSVILLE,QLD,4810
702203290,O.D.A.T VENTURE PTY LTD,2026-09-09,Registered,Australian Proprietary Company,KEILOR PARK,VIC,3042
702203334,CBI PERU PTY. LTD.,2026-09-09,Registered,Australian Proprietary Company,DOCKLANDS,VIC,3008
702203398,J HUANG FAMILY SMSF PTY LTD,2026-09-09,Registered,Australian Proprietary Company,CAVERSHAM,WA,6055
702203496,FRANKIES CAIRNS PTY LTD,2026-09-09,Registered,Australian Proprietary Company,BENTLEY PARK,QLD,4869
702203610,YOUR STAFF RECRUITMENT PTY LTD,2026-09-09,Registered,Australian Proprietary Company,BLUE HAVEN,NSW,2262
702203638,ONLYMANAGEMENT AUSTRALIA PTY LTD,2026-09-09,Registered,Australian Proprietary Company,KENMORE,QLD,4069
702203674,ZAMAARA HOLDINGS PTY LTD,2026-09-09,Registered,Australian Proprietary Company,UPPER MOUNT GRAVATT,QLD,4122
702203754,ADVANTA AG PTY LTD,2026-09-09,Registered,Australian Proprietary Company,COWRA,NSW,2794
702203772,EKAKSHA PTY LTD,2026-09-09,Registered,Australian Proprietary Company,BORONIA HEIGHTS,QLD,4124
702203852,COUNTRY CABS INVESTMENTS PTY LTD,2026-09-09,Registered,Australian Proprietary Company,WEST BALLINA,NSW,2478
702203870,AUTOMATIC ROBOTIC EQUIPMENT PTY LTD,2026-09-09,Registered,Australian Proprietary Company,HIGHGATE HILL,QLD,4101
702203932,WESTEDGE GROUP PTY LTD,2026-09-09,Registered,Australian Proprietary Company,CRAWLEY,WA,6009
702203978,TALENT CONNECTOR PTY LTD,2026-09-09,Registered,Australian Proprietary Company,SUNNYBANK HILLS,QLD,4109
702203996,BUSY MATHBEES PTY LTD,2026-09-09,Registered,Australian Proprietary Company,HARRISDALE,WA,6112
702204019,SUNSHINE SMILES FNQ PTY LTD,2026-09-09,Registered,Australian Proprietary Company,WOREE,QLD,4868
702204199,LEONG PROPERTY PTY LTD,2026-09-09,Registered,Australian Proprietary Company,ENFIELD,NSW,2136
702204233,HARSHA FUND PTY LTD,2026-09-09,Registered,Australian Proprietary Company,ANNANDALE,NSW,2038
702204251,NMI NO.2 PTY LTD,2026-09-09,Registered,Australian Proprietary Company,BROADBEACH,QLD,4218
702204279,WATTLE PEAK LABS PTY LTD,2026-09-09,Registered,Australian Proprietary Company,OFFICER,VIC,3809
702204297,R & A MULCAHY INVESTMENTS PTY LTD,2026-09-09,Registered,Australian Proprietary Company,BRISBANE CITY,QLD,4000
702204331,POETICO PTY LTD,2026-09-09,Registered,Australian Proprietary Company,SYDNEY,NSW,2000
702204457,NOGAB PTY LTD,2026-09-09,Registered,Australian Proprietary Company,SYDNEY,NSW,2000
702204519,CONTINUUM CAPITAL PARTNERS PTY LTD,2026-09-09,Registered,Australian Proprietary Company,SALISBURY,QLD,4107
702204635,APEX SOLAR ENERGY PTY LTD,2026-09-09,Registered,Australian Proprietary Company,CRAIGIEBURN,VIC,3064
702204699,DAGENESIS PTY LTD,2026-09-09,Registered,Australian Proprietary Company,GLEN IRIS,VIC,3146
702204779,CARLINGFORM PTY LTD,2026-09-09,Registered,Australian Proprietary Company,HILLSDALE,NSW,2036
702204797,BOUMELHEM C&G SUPER PTY LTD,2026-09-09,Registered,Australian Proprietary Company,BELFIELD,NSW,2191
702204813,LAVISTONE QLD PTY LTD,2026-09-09,Registered,Australian Proprietary Company,BOX HILL,VIC,3128
702204831,PLD DEVELOPMENT 2 PTY LTD,2026-09-09,Registered,Australian Proprietary Company,UPPER MOUNT GRAVATT,QLD,4122
702204911,FLASH INVESTIGATIONS PTY LTD.,2026-09-09,Registered,Australian Proprietary Company,ABBOTSBURY,NSW,2176
702205098,GAFFIERO HOLDINGS PTY LTD,2026-09-09,Registered,Australian Proprietary Company,POINT COOK,VIC,3030
702205114,TAROSERO PTY LTD,2026-09-09,Registered,Australian Proprietary Company,QUINDALUP,WA,6281
702205178,ANTELOPE SUPERANNUATION INVESTMENTS PTY LTD,2026-09-09,Registered,Australian Proprietary Company,DUNGOG,NSW,2420
702205196,DT CARE PTY LTD,2026-09-09,Registered,Australian Proprietary Company,CAMBRIDGE PARK,NSW,2747
702205356,MICHELANGELO MEDIA PTY LTD,2026-09-09,Registered,Australian Proprietary Company,PALM BEACH,QLD,4221
702205392,STYNES COOK AND SONS PTY LTD,2026-09-09,Registered,Australian Proprietary Company,MELBOURNE,VIC,3000
702205516,GAIA ADMINISTRATION PTY LTD,2026-09-09,Registered,Australian Proprietary Company,BARDIA,NSW,2565
702205534,ABREWER HOLDINGS PTY LTD,2026-09-09,Registered,Australian Proprietary Company,SYDNEY,NSW,2000
702205632,CROSS BORDERS AUSTRALIA PTY LTD,2026-09-09,Registered,Australian Proprietary Company,HOPE ISLAND,QLD,4212
702205730,BEAUREGARD HOLDINGS PTY LTD,2026-09-09,Registered,Australian Proprietary Company,POINT COOK,VIC,3030
702205758,ON YAMBA TIME PTY LTD,2026-09-09,Registered,Australian Proprietary Company,INDOOROOPILLY,QLD,4068
702205776,DALLISTER PTY LTD,2026-09-09,Registered,Australian Proprietary Company,BENDIGO,VIC,3550
702205794,DSW ENERGY ELECTRICAL PTY LTD,2026-09-09,Registered,Australian Proprietary Company,ARCHERFIELD,QLD,4108
702205810,WEBMINT LABS PTY LTD,2026-09-09,Registered,Australian Proprietary Company,UPPER COOMERA,QLD,4209
702205936,AK & JK PTY LTD,2026-09-09,Registered,Australian Proprietary Company,NORTH TURRAMURRA,NSW,2074
702205990,KRUZIN WHEELZ PTY LTD,2026-09-09,Registered,Australian Proprietary Company,HELENSVALE,QLD,4212
702206013,ALBARAKA WOLERT PROJECT PTY LTD,2026-09-09,Registered,Australian Proprietary Company,CAMPBELLFIELD,VIC,3061
702206095,MOTORHOMING AUSTRALIA PTY LTD,2026-09-09,Registered,Australian Proprietary Company,MITCHELTON,QLD,4053
702206111,CHIKA ANTHONY MBADIWE PTY LTD,2026-09-09,Registered,Australian Proprietary Company,SUNSHINE NORTH,VIC,3020
702206175,HUMAJ SUPER PTY LTD,2026-09-09,Registered,Australian Proprietary Company,CARINGBAH,NSW,2229
702206273,ACRETHANE PTY LTD,2026-09-09,Registered,Australian Proprietary Company,SYDNEY,NSW,2000
702206335,SE LABS PTY LTD,2026-09-09,Registered,Australian Proprietary Company,HOMEBUSH,NSW,2140
702206415,NFIVE PTY LTD,2026-09-09,Registered,Australian Proprietary Company,PALM BEACH,QLD,4221
702206433,SENARATHNA FAMILY SMSF PTY LTD,2026-09-09,Registered,Australian Proprietary Company,WHEELERS HILL,VIC,3150
702206479,DD BUILDING & MAINTENANCE PTY LTD,2026-09-09,Registered,Australian Proprietary Company,RICHLANDS,QLD,4077
702206497,RIDDOCH PROPERTY GROUP PTY LTD,2026-09-09,Registered,Australian Proprietary Company,COMPTON,SA,5291
702206577,SELLECK ARCHITECTS PTY LTD,2026-09-09,Registered,Australian Proprietary Company,MELBOURNE,VIC,3000
702206595,NANA BINDY PTY LTD,2026-09-09,Registered,Australian Proprietary Company,COOLANGATTA,QLD,4225
702206675,MATTHEW T BAYNON PTY LTD,2026-09-09,Registered,Australian Proprietary Company,WONGA PARK,VIC,3115
702206737,MOMNT ADS PTY LTD,2026-09-09,Registered,Australian Proprietary Company,ALBERT PARK,VIC,3206
702206755,ELITE 88 GARDEN CARE PTY LTD,2026-09-09,Registered,Australian Proprietary Company,HEIDELBERG WEST,VIC,3081
702206773,AZURE HIRE SOLUTIONS PTY LTD,2026-09-09,Registered,Australian Proprietary Company,SUBIACO,WA,6008
702206791,MUPPALLA PTY LTD,2026-09-09,Registered,Australian Proprietary Company,SEVILLE GROVE,WA,6112
702206817,MAHAAR TRADERS PTY LTD,2026-09-09,Registered,Australian Proprietary Company,WERRIBEE,VIC,3030
702206899,FIRST ANDES PTY LTD,2026-09-09,Registered,Australian Proprietary Company,MELBOURNE,VIC,3004
702206997,THE CANDLE COMPANY PTY LTD.,2026-09-09,Registered,Australian Proprietary Company,MELBOURNE,VIC,3004
702207056,PIPELINE COATING SERVICES PTY LTD,2026-09-09,Registered,Australian Proprietary Company,OSBORNE PARK,WA,6017
702207190,DAVES METAL FABRICATION AND MACHINE OPERATIONS PTY LTD,2026-09-09,Registered,Australian Proprietary Company,WOODCROFT,NSW,2767
702207216,RODGERS LEGACY GROUP PTY LTD,2026-09-09,Registered,Australian Proprietary Company,SOUTHPORT,QLD,4215
702207298,UPSCALE HOME PTY LTD,2026-09-09,Registered,Australian Proprietary Company,BRADBURY,NSW,2560
702207396,ADLA TRUCK TRANSPORT PTY LTD,2026-09-09,Registered,Australian Proprietary Company,MAIDSTONE,VIC,3012
702207430,LOGAN WHEELS & TYRES PTY LTD,2026-09-09,Registered,Australian Proprietary Company,WATERFORD,QLD,4133
702207538,HMX CONSTRUCTION PTY LTD,2026-09-09,Registered,Australian Proprietary Company,PANANIA,NSW,2213
702207574,BRONTE SWIM CLUB PTY LTD,2026-09-09,Registered,Australian Proprietary Company,BRISBANE CITY,QLD,4000
702207618,SKYJOY HOLDINGS PTY LTD,2026-09-09,Registered,Australian Proprietary Company,SYDNEY,NSW,2000
702207690,AURIDOR PTY LTD,2026-09-09,Registered,Australian Proprietary Company,SYDNEY,NSW,2000
702207716,BEYOND BUSINESS PROPERTY PTY LTD,2026-09-09,Registered,Australian Proprietary Company,NEWCASTLE,NSW,2300
702207734,BUILDING PASSPORT PTY LTD,2026-09-09,Registered,Australian Proprietary Company,NORMAN PARK,QLD,4170
702207752,KLSF SUPER PTY LTD,2026-09-09,Registered,Australian Proprietary Company,STONYFELL,SA,5066
702207832,K MANHAS PTY LTD,2026-09-09,Registered,Australian Proprietary Company,TRUGANINA,VIC,3029
702207850,IGEN FLOW PTY LTD,2026-09-09,Registered,Australian Proprietary Company,WOLLONGONG,NSW,2500
702207896,KULU LABOUR HIRE PTY LTD,2026-09-09,Registered,Australian Proprietary Company,HINCHINBROOK,NSW,2168
702208017,SEA SANDS APARTMENTS PTY LTD,2026-09-09,Registered,Australian Proprietary Company,SPRING HILL,QLD,4000
702208197,MG TOLCHER PTY LTD,2026-09-09,Registered,Australian Proprietary Company,INGHAM,QLD,4850
702208213,CARVEN PTY LTD,2026-09-09,Registered,Australian Proprietary Company,ST KILDA EAST,VIC,3183
702208277,MIDCO ACCOUNTING PTY LTD,2026-09-09,Registered,Australian Proprietary Company,TARNEIT,VIC,3029
702208455,D & H FORREST HOLDINGS PTY LTD,2026-09-09,Registered,Australian Proprietary Company,MILTON,QLD,4064
702208473,ELEMENTS HNE PTY LTD,2026-09-09,Registered,Australian Proprietary Company,INGLEBURN,NSW,2565
702208517,HOLM DESIGN COLLECTIVE PTY LTD,2026-09-09,Registered,Australian Proprietary Company,KANGAROO POINT,NSW,2224
702208633,SOMNUS VENTURES PTY LTD,2026-09-09,Registered,Australian Proprietary Company,NARRE WARREN NORTH,VIC,3804
702208679,CATHOLIC EXPRESS PTY LTD,2026-09-09,Registered,Australian Proprietary Company,TARNEIT,VIC,3029
702208713,TYMENSENS FARM PTY LTD,2026-09-09,Registered,Australian Proprietary Company,COBRAM,VIC,3643
702208759,C & K GRAY UT PTY LIMITED,2026-09-09,Registered,Australian Proprietary Company,BANGOR,NSW,2234
702208777,CLIFFORD WOLFE PTY LTD,2026-09-09,Registered,Australian Proprietary Company,CHELSEA HEIGHTS,VIC,3196
702208811,KPGO SUPERANNUATION FUND PTY LTD,2026-09-09,Registered,Australian Proprietary Company,GREYSTANES,NSW,2145
702208839,ZURVAS HOLDINGS PTY LTD,2026-09-09,Registered,Australian Proprietary Company,BUNJURGEN,QLD,4310
702208937,PERFECT CONDITIONS CAPITAL PTY LTD,2026-09-09,Registered,Australian Proprietary Company,NUNDAH,QLD,4012
702209032,NORTHCOTE PROPERTY GROUP PTY LTD,2026-09-09,Registered,Australian Proprietary Company,GREENACRE,NSW,2190
702209050,AUSTERA CONSTRUCTION PTY LTD,2026-09-09,Registered,Australian Proprietary Company,BANKSIA PARK,SA,5091
702209078,RATHI GROUP PTY LTD,2026-09-09,Registered,Australian Proprietary Company,MODBURY HEIGHTS,SA,5092
702209194,MCDONALD PEOPLE SOLUTIONS PTY LTD,2026-09-09,Registered,Australian Proprietary Company,ADELAIDE,SA,5000
702209238,KYBURRA WATER PTY LTD,2026-09-09,Registered,Australian Proprietary Company,BRISBANE CITY,QLD,4000
702209274,BAJAK PTY LTD,2026-09-09,Registered,Australian Proprietary Company,HAWTHORN EAST,VIC,3123
702209354,OLIVIA PHILLIPS PTY LTD,2026-09-09,Registered,Australian Proprietary Company,MERMAID WATERS,QLD,4218
702209390,JOEL CERVITO PTY LTD,2026-09-09,Registered,Australian Proprietary Company,DOOLANDELLA,QLD,4077
702209416,IMY HOLDING PTY LTD,2026-09-09,Registered,Australian Proprietary Company,KILLARA,NSW,2071
702209434,BEENO INVESTMENTS PTY LTD,2026-09-09,Registered,Australian Proprietary Company,BRISBANE CITY,QLD,4000
702209470,AUSTRALIAN CERTIFIED WELFARE LTD,2026-09-10,Registered,Australian Public Company,SYDNEY,NSW,2000
702209550,D & S COURT GROUP PTY LTD,2026-09-09,Registered,Australian Proprietary Company,HAMILTON,VIC,3300
702209612,MACARTHUR CENTRAL PHARMACY PTY LTD,2026-09-09,Registered,Australian Proprietary Company,TOOWONG,QLD,4066
702209774,TOFI FAMILY PTY LTD,2026-09-09,Registered,Australian Proprietary Company,PARRAMATTA,NSW,2150
702209792,MST GROUP PTY LTD,2026-09-09,Registered,Australian Proprietary Company,FOREST HILL,VIC,3131
702209872,CUSTOMER ACQUISITION CO PTY LTD,2026-09-09,Registered,Australian Proprietary Company,CARINA,QLD,4152
702209952,VALO HOMES PTY LTD,2026-09-09,Registered,Australian Proprietary Company,CORNUBIA,QLD,4130
702209970,2628 SPRUCE INVESTMENTS PTY LTD,2026-09-09,Registered,Australian Proprietary Company,EASTWOOD,SA,5063
702209998,EMBLEM ARTISTS PTY LTD,2026-09-09,Registered,Australian Proprietary Company,CHATSWOOD,NSW,2067
702210017,G MAYO PTY LTD,2026-09-09,Registered,Australian Proprietary Company,COORPAROO,QLD,4151
702210071,META JL PTY LTD,2026-09-09,Registered,Australian Proprietary Company,HURSTVILLE,NSW,2220
702210099,SAMRIDH GROUP PTY LTD,2026-09-09,Registered,Australian Proprietary Company,WEST MOONAH,TAS,7009
702210115,BRITT BUILT PTY LTD,2026-09-09,Registered,Australian Proprietary Company,MAROOCHYDORE,QLD,4558
702210151,HML CIVIL SMSF PTY LTD,2026-09-09,Registered,Australian Proprietary Company,BOWEN,QLD,4805
702210277,THOMPSON PRIVATE WEALTH PTY LTD,2026-09-09,Registered,Australian Proprietary Company,KALINGA,QLD,4030
702210311,K & D PROPERTY HOLDINGS PTY LTD,2026-09-09,Registered,Australian Proprietary Company,FORTITUDE VALLEY,QLD,4006
702210375,MUCKET PLUMBING PTY LTD,2026-09-09,Registered,Australian Proprietary Company,ALBION,QLD,4010
702210393,SKYECARE SUPPORT & SERVICES PTY LTD,2026-09-09,Registered,Australian Proprietary Company,BULLI,NSW,2516
702210419,NADENBOUSCHS PROPCO PTY LTD,2026-09-09,Registered,Australian Proprietary Company,SYDNEY,NSW,2000
702210437,RISK CONTROL ENGINEERING PTY LTD,2026-09-09,Registered,Australian Proprietary Company,ALBURY,NSW,2640
702210473,WIRTH & CO LAWYERS PTY LTD,2026-09-09,Registered,Australian Proprietary Company,WOOLOOWARE,NSW,2230
702210517,YARAKA HOTEL PTY LTD,2026-09-09,Registered,Australian Proprietary Company,MILES,QLD,4415
702210535,PINDORIYA PROPERTIES PTY LTD,2026-09-09,Registered,Australian Proprietary Company,GABLES,NSW,2765
702210553,AMMONIS PTY LTD,2026-09-09,Registered,Australian Proprietary Company,CARLTON NORTH,VIC,3054
702210571,YONG & CO PTY LTD,2026-09-09,Registered,Australian Proprietary Company,SYDNEY,NSW,2000
702210651,MINI DEVASSY PTY LTD,2026-09-09,Registered,Australian Proprietary Company,MOOREBANK,NSW,2170
702210679,CLAM GA PTY LTD,2026-09-09,Registered,Australian Proprietary Company,KENT TOWN,SA,5067
702210759,COOL AXIS HVAC PTY LIMITED,2026-09-09,Registered,Australian Proprietary Company,ORAN PARK,NSW,2570
702210777,OLD PECULIAR PTY LTD,2026-09-09,Registered,Australian Proprietary Company,SUCCESS,WA,6164
702210839,AAP FINANCE BROKERS BUNDABERG PTY LTD,2026-09-09,Registered,Australian Proprietary Company,GUNNEDAH,NSW,2380
702210857,MNA INDUSTRIES PTY LTD,2026-09-09,Registered,Australian Proprietary Company,SOUTHSIDE,QLD,4570
702210893,NEWB WERAINGS PTY LTD,2026-09-09,Registered,Australian Proprietary Company,MOUNT DRUITT,NSW,2770
702210937,KURLKE PTY LTD,2026-09-09,Registered,Australian Proprietary Company,TARNEIT,VIC,3029
702211096,SHOTOGRAPHY LICENSING PTY LTD,2026-09-09,Registered,Australian Proprietary Company,BALWYN NORTH,VIC,3104
702211130,WALLAROO FRANCHISING PTY LTD,2026-09-09,Registered,Australian Proprietary Company,MOORABBIN,VIC,3189
702211318,BRODIE HOLLAND PTY LTD,2026-09-09,Registered,Australian Proprietary Company,ABERFELDIE,VIC,3040
702211452,NIKNY PTY LTD,2026-09-09,Registered,Australian Proprietary Company,ALBURY,NSW,2640
702211550,RIVERSTONE KITCHEN PTY LTD,2026-09-09,Registered,Australian Proprietary Company,COOPERS PLAINS,QLD,4108
702211630,M GORSI CONSTRUCTION PTY LTD,2026-09-09,Registered,Australian Proprietary Company,WOLLERT,VIC,3750
702211756,BASRLS HOLDINGS PTY LTD,2026-09-09,Registered,Australian Proprietary Company,ROXBY DOWNS,SA,5725
702211792,S G H & CO PTY LTD,2026-09-09,Registered,Australian Proprietary Company,POINT COOK,VIC,3030
702211818,WASH N WASH NORTH ROCKS PTY LTD,2026-09-09,Registered,Australian Proprietary Company,NORTH KELLYVILLE,NSW,2155
702211854,E C M L L PTY LTD,2026-09-09,Registered,Australian Proprietary Company,BAYSWATER,VIC,3153
702211872,WESTLYN EDUCATION PTY LTD,2026-09-09,Registered,Australian Proprietary Company,FOREST LODGE,NSW,2037
702211890,OBSTACLE HQ PTY LTD,2026-09-09,Registered,Australian Proprietary Company,MOORABBIN,VIC,3189
702211952,ADVANCED TRUCK TOWING SERVICES PTY LTD,2026-09-09,Registered,Australian Proprietary Company,ST ALBANS,VIC,3021
702211970,PLYMOUTH AVE PTY LTD,2026-09-09,Registered,Australian Proprietary Company,GLENROY,VIC,3046
702211998,KEYSTONE ANCHOR PTY LTD,2026-09-09,Registered,Australian Proprietary Company,TOWNSVILLE CITY,QLD,4810
702212039,PLAN 10 PTY LTD,2026-09-09,Registered,Australian Proprietary Company,MELBOURNE,VIC,3000
702212057,EVERGREEN SUPPLIES PTY LTD,2026-09-09,Registered,Australian Proprietary Company,GLEN WAVERLEY,VIC,3150
702212137,TOK PROJECT PTY LTD,2026-09-09,Registered,Australian Proprietary Company,BERALA,NSW,2141
702212173,DUNFELIMY CONSTRUCTION PTY LTD,2026-09-09,Registered,Australian Proprietary Company,MARMION,WA,6020
702212217,MUD WARRIOR AUTOMOTIVE PTY LTD,2026-09-09,Registered,Australian Proprietary Company,SYDNEY,NSW,2000
702212271,TTG AUSTRALIA HOLDINGS PTY LTD,2026-09-09,Registered,Australian Proprietary Company,KENTHURST,NSW,2156
702212315,MIDLAND QUALITY LIVING PTY LTD,2026-09-09,Registered,Australian Proprietary Company,WESTMEADOWS,VIC,3049
702212333,BELARA CARE PTY LTD,2026-09-09,Registered,Australian Proprietary Company,MERRYLANDS,NSW,2160
702212539,SIDERWAY BIOTECH DEVELOPMENT PTY LTD,2026-09-09,Registered,Australian Proprietary Company,SYDNEY,NSW,2000
702212557,CAPIAGHI SUMMER PTY LTD,2026-09-09,Registered,Australian Proprietary Company,COLLINGWOOD,VIC,3066
702212691,DREAMTALES PERSONALISED BOOKS PTY LTD,2026-09-09,Registered,Australian Proprietary Company,BROOKDALE,WA,6112
702212717,EJ BUSINESS HOLDINGS PTY LTD,2026-09-09,Registered,Australian Proprietary Company,MOORABBIN,VIC,3189
702212735,RENOVATION LIVING PTY LTD,2026-09-09,Registered,Australian Proprietary Company,MULLALOO,WA,6027
702212833,RLSBAS HOLDINGS PTY LTD,2026-09-09,Registered,Australian Proprietary Company,ROXBY DOWNS,SA,5725
702212851,FDP HOLDINGS PTY LTD,2026-09-09,Registered,Australian Proprietary Company,SOUTH YARRA,VIC,3141
702212897,THE GOOD AUTO CO PTY LTD,2026-09-09,Registered,Australian Proprietary Company,TARINGA,QLD,4068
702212931,RESOLVE HEALTH OSTEOPATHY PTY LTD,2026-09-09,Registered,Australian Proprietary Company,SOUTH YARRA,VIC,3141
702212977,POLAR 993 FIDUCIARY PTY LTD,2026-09-09,Registered,Australian Proprietary Company,MELBOURNE,VIC,3004
702212995,MED CONNECT AUSTRALIA PTY LTD,2026-09-09,Registered,Australian Proprietary Company,BENTLEIGH,VIC,3204
702213018,SA BEST TOWING & CAR REMOVALS PTY LTD,2026-09-09,Registered,Australian Proprietary Company,ANGLE PARK,SA,5010
702213036,BUCHANAN HEAVY REPAIRS PTY LTD,2026-09-09,Registered,Australian Proprietary Company,CAMPBELLTOWN,NSW,2560
702213054,CHEBCON BUILDING & CONSTRUCTION PTY LTD,2026-09-09,Registered,Australian Proprietary Company,MERRYLANDS,NSW,2160
702213072,VANJIE HOLDINGS PTY LTD,2026-09-09,Registered,Australian Proprietary Company,KINGSLEY,WA,6026
702213116,ALLIED HEALTH PROFESSIONALS PTY LTD,2026-09-09,Registered,Australian Proprietary Company,SEFTON,NSW,2162
702213134,HAROLD & CO PTY LTD,2026-09-09,Registered,Australian Proprietary Company,JOLIMONT,WA,6014
702213152,SIGMA ALPHA DEVELOPMENTS PTY LTD,2026-09-09,Registered,Australian Proprietary Company,BEVERLY HILLS,NSW,2209
702213170,WANDELLA CAPITAL PTY LTD,2026-09-09,Registered,Australian Proprietary Company,MOUNT COOLUM,QLD,4573
702213198,LA LEGACY PTY LTD,2026-09-09,Registered,Australian Proprietary Company,BIRTINYA,QLD,4575
702213278,PERTH PORT BEACH PTY LTD,2026-09-09,Registered,Australian Proprietary Company,ADELAIDE,SA,5000
702213438,EARTHMOVING NQ PTY LTD,2026-09-09,Registered,Australian Proprietary Company,MYSTERTON,QLD,4812
702213590,JEMCRETE PTY. LTD.,2026-09-09,Registered,Australian Proprietary Company,HALLS HEAD,WA,6210
702213634,NINA MORIC PTY LTD,2026-09-09,Registered,Australian Proprietary Company,DOVER HEIGHTS,NSW,2030
702213652,MATTHEWS PRIVATE HOLDINGS PTY LTD,2026-09-09,Registered,Australian Proprietary Company,BELROSE,NSW,2085
702213714,L & B DALAL PTY LTD,2026-09-09,Registered,Australian Proprietary Company,NORTH LAKES,QLD,4509
702213732,DAWN VISTA PTY LTD,2026-09-09,Registered,Australian Proprietary Company,BURWOOD,NSW,2134
702213830,BRIGHT CAPITAL HOLDINGS PTY LTD,2026-09-09,Registered,Australian Proprietary Company,LONGUEVILLE,NSW,2066
702213858,S&M JONES INVESTMENTS 004 PTY LTD,2026-09-09,Registered,Australian Proprietary Company,BOKARINA,QLD,4575
702213894,TMTJ WILKINSON INVESTMENTS PTY LTD,2026-09-09,Registered,Australian Proprietary Company,BRISBANE CITY,QLD,4000
702213938,WILDFIRE DESIGNS AUST PTY. LTD.,2026-09-09,Registered,Australian Proprietary Company,RINGWOOD EAST,VIC,3135
702214051,STS TREES & HEDGES PTY LTD,2026-09-09,Registered,Australian Proprietary Company,YARRAGON,VIC,3823
702214097,GENTLE WIND INVESTMENTS PTY LTD,2026-09-09,Registered,Australian Proprietary Company,BRISBANE CITY,QLD,4000
702214131,A & S FISHERIES PTY LTD,2026-09-09,Registered,Australian Proprietary Company,MAROOCHYDORE,QLD,4558
702214159,KLOVEK PTY LTD,2026-09-09,Registered,Australian Proprietary Company,SYDNEY,NSW,2000
702214177,LAZAR FAMILY PROPERTY HOLDINGS PTY LTD,2026-09-09,Registered,Australian Proprietary Company,HARRINGTON PARK,NSW,2567
702214239,KLOAK PTY LTD,2026-09-09,Registered,Australian Proprietary Company,SYDNEY,NSW,2000
702214257,PHARMATWISTS ADELAIDE STREET PTY LTD,2026-09-09,Registered,Australian Proprietary Company,TOOWONG,QLD,4066
702214275,CALDER CAPITAL PTY LTD,2026-09-09,Registered,Australian Proprietary Company,SCARBOROUGH,WA,6019
702214373,SPORTIES FC BEDFORD PTY LTD,2026-09-09,Registered,Australian Proprietary Company,JOLIMONT,WA,6014
702214391,TRUENORTH GLAZING GROUP PTY LTD,2026-09-09,Registered,Australian Proprietary Company,LIVERPOOL,NSW,2170
702214417,R & R HENDRY SUPER PTY LTD,2026-09-09,Registered,Australian Proprietary Company,KELMSCOTT,WA,6111
702214435,MAHARAJ ADMINISTRATION PTY LTD,2026-09-09,Registered,Australian Proprietary Company,ROCKDALE,NSW,2216
702214499,VEYRA GLOBAL TECHNOLOGIES PTY LTD,2026-09-09,Registered,Australian Proprietary Company,CRAIGMORE,SA,5114
702214659,NEIL YS PTY LTD,2026-09-09,Registered,Australian Proprietary Company,SYDNEY,NSW,2000
702214757,KENNEDY E HAWKINS INVESTMENTS PTY LTD,2026-09-09,Registered,Australian Proprietary Company,SYDNEY,NSW,2000
702214891,KEN PTY LTD,2026-09-09,Registered,Australian Proprietary Company,COOMERA,QLD,4209
702214917,REZCALLAH HOLDINGS PTY LTD,2026-09-09,Registered,Australian Proprietary Company,CHIFLEY,NSW,2036
702214971,PARCELPRO PTY LTD,2026-09-09,Registered,Australian Proprietary Company,CRANBOURNE NORTH,VIC,3977
702214999,SCHAEFER-HOYLE PTY LTD,2026-09-09,Registered,Australian Proprietary Company,ADELAIDE,SA,5000
702215030,MEHROK FREIGHT PTY LTD,2026-09-09,Registered,Australian Proprietary Company,GREENACRES,SA,5086
702215076,TL F&B PTY LTD,2026-09-09,Registered,Australian Proprietary Company,BANKSTOWN,NSW,2200
702215110,A.C.N. 702 215 110 PTY LTD,2026-09-09,Registered,Australian Proprietary Company,NORTHMEAD,NSW,2152
702215174,XEO INVESTMENT PTY LTD,2026-09-09,Registered,Australian Proprietary Company,CAMBERWELL,VIC,3124
702215236,SCOTTY D COURIER SERVICES PTY LTD,2026-09-09,Registered,Australian Proprietary Company,EPPING,VIC,3076
702215316,SIMPLIA PTY LTD,2026-09-09,Registered,Australian Proprietary Company,PERTH,WA,6000
702215352,AUGRANTS CAPITAL PTY LTD,2026-09-09,Registered,Australian Proprietary Company,MACGREGOR,QLD,4109
702215398,NADAR HUKAM PTY LTD,2026-09-09,Registered,Australian Proprietary Company,REGENTS PARK,QLD,4118
702215432,FREDERICK & AMANDA ACKERMAN PTY LTD,2026-09-09,Registered,Australian Proprietary Company,MELBOURNE,VIC,3000
702215478,KLAY INTERIORS PTY LTD,2026-09-09,Registered,Australian Proprietary Company,BUNDOORA,VIC,3083
702215512,SHINING SISTER CLEANING PTY LTD,2026-09-09,Registered,Australian Proprietary Company,KALKALLO,VIC,3064
702215736,MAGUS HOLDINGS PTY LTD,2026-09-09,Registered,Australian Proprietary Company,NEWTOWN,NSW,2042
702215870,TRUBLU (AUSTRALIA) TRANSPORT GROUP PTY LTD,2026-09-09,Registered,Australian Proprietary Company,NORTH PARRAMATTA,NSW,2151
702215932,N&J GROUP PTY LTD,2026-09-09,Registered,Australian Proprietary Company,THORNHILL PARK,VIC,3335
702215978,MDR CAPITAL PARTNERS PTY LTD,2026-09-09,Registered,Australian Proprietary Company,PERTH,WA,6000
702216091,PETER EVA CUCINA PTY LTD,2026-09-09,Registered,Australian Proprietary Company,ENGADINE,NSW,2233
702216135,KC EVANS SUPER PTY LTD,2026-09-09,Registered,Australian Proprietary Company,CESSNOCK,NSW,2325
702216153,S & S MCKENZIE MITCHAM PTY LTD,2026-09-09,Registered,Australian Proprietary Company,ADELAIDE,SA,5000
702216233,SHIV ADHYASHAKTI PTY LTD,2026-09-09,Registered,Australian Proprietary Company,ROSSMOYNE,WA,6148
702216297,TUXPROP PTY LIMITED,2026-09-09,Registered,Australian Proprietary Company,MAROUBRA,NSW,2035
702216313,AKSL GROUP PTY LTD,2026-09-09,Registered,Australian Proprietary Company,QUAKERS HILL,NSW,2763
702216359,ZE NA FULL INVESTMENTS PTY LTD,2026-09-09,Registered,Australian Proprietary Company,PARRAMATTA,NSW,2150
702216377,ZE NA FULL PTY LTD,2026-09-09,Registered,Australian Proprietary Company,PARRAMATTA,NSW,2150
702216519,BLAYNEY 7C PROJECT PTY LTD,2026-09-09,Registered,Australian Proprietary Company,CANBERRA,ACT,2601
702216555,TIMEPIECE TRADING PTY LTD.,2026-09-09,Registered,Australian Proprietary Company,UPPER MOUNT GRAVATT,QLD,4122
702216653,STO LAAT PTY LTD,2026-09-09,Registered,Australian Proprietary Company,PARRAMATTA,NSW,2150
702216671,RESET PROJECTS PTY LTD,2026-09-10,Registered,Australian Proprietary Company,HAWTHORN EAST,VIC,3123
702216715,GROVE SIGNS PTY LTD,2026-09-09,Registered,Australian Proprietary Company,BELMONT,VIC,3216
702216733,SSG SOLUTIONS PTY LTD,2026-09-09,Registered,Australian Proprietary Company,TALLAWONG,NSW,2762
702216779,SHIVOHAM TRANSPORT PTY LTD,2026-09-09,Registered,Australian Proprietary Company,LARA,VIC,3212
702216877,PRECISION PROJECTS GROUP PTY. LTD.,2026-09-10,Registered,Australian Proprietary Company,MORTDALE,NSW,2223
702216911,ARSINOE INVESTMENTS PTY LTD,2026-09-09,Registered,Australian Proprietary Company,ROWVILLE,VIC,3178
702216939,PA & MK STANTON PTY LTD,2026-09-09,Registered,Australian Proprietary Company,FARRER,ACT,2607
702216993,WINDSOR ROC HOLDINGS PTY LTD,2026-09-09,Registered,Australian Proprietary Company,CANNING VALE,WA,6155
702217016,CGD TRADE PTY LTD,2026-09-09,Registered,Australian Proprietary Company,SYDNEY OLYMPIC PARK,NSW,2127
702217034,MUSTARD INDUSTRIES PTY LTD,2026-09-09,Registered,Australian Proprietary Company,GEOGRAPHE,WA,6280
702217114,THE SIGDEL PTY LTD,2026-09-09,Registered,Australian Proprietary Company,NARRABEEN,NSW,2101
702217132,FALCON WATCH PROTECTIVE SERVICES PTY LTD,2026-09-09,Registered,Australian Proprietary Company,TARNEIT,VIC,3029
702217178,RANE & NAYEF NOMINEES PTY LTD,2026-09-09,Registered,Australian Proprietary Company,BRISBANE CITY,QLD,4000
702217230,APEX CIVIL AND PLANT HIRE PTY LTD,2026-09-09,Registered,Australian Proprietary Company,YENGARIE,QLD,4650
702217276,IMPERIAL PHOENIX PTY LTD,2026-09-09,Registered,Australian Proprietary Company,CHATSWOOD,NSW,2067
702217294,LEHNCO HOLDINGS PTY LTD,2026-09-09,Registered,Australian Proprietary Company,BIRTINYA,QLD,4575
702217338,ROLLING AUTOMOTIVE PTY. LTD.,2026-09-09,Registered,Australian Proprietary Company,EAST GOSFORD,NSW,2250
702217374,THE GOLF PURVEYOR PTY LTD,2026-09-09,Registered,Australian Proprietary Company,CHIPPENDALE,NSW,2008
702217392,MERIDIAN OS PTY LTD,2026-09-09,Registered,Australian Proprietary Company,KOTARA,NSW,2289
702217534,VJARA & CO PTY LTD,2026-09-10,Registered,Australian Proprietary Company,PARRAMATTA,NSW,2150
702217614,AS KHEHRA PTY LTD,2026-09-09,Registered,Australian Proprietary Company,CANNING VALE,WA,6155
702217650,DREW VENTURES PTY LTD,2026-09-09,Registered,Australian Proprietary Company,GEOGRAPHE,WA,6280
702217696,LUCKYMACK MILDURA PTY LTD,2026-09-10,Registered,Australian Proprietary Company,UNDERDALE,SA,5032
702217712,MOSAIK BUILD PTY LTD,2026-09-09,Registered,Australian Proprietary Company,CAMPBELLFIELD,VIC,3061
702217758,L.N FITZROY INVESTMENT PTY LTD,2026-09-09,Registered,Australian Proprietary Company,ESSENDON,VIC,3040
702217776,GUJJARS BROS PTY LTD,2026-09-09,Registered,Australian Proprietary Company,WEST FOOTSCRAY,VIC,3012
702217794,LOVELY ACADEMY PTY LTD,2026-09-09,Registered,Australian Proprietary Company,CARLTON,NSW,2218
702217810,JAKWE GROUP PTY LTD,2026-09-10,Registered,Australian Proprietary Company,CAMBERWELL,VIC,3124
702217892,BPRS INVESTMENTS PTY LTD,2026-09-09,Registered,Australian Proprietary Company,OSBORNE PARK,WA,6017
702217936,CDE HOLDINGS NO. 1 PTY LTD,2026-09-09,Registered,Australian Proprietary Company,SOUTHBANK,VIC,3006
702217990,YMI PROJECT PTY LTD,2026-09-09,Registered,Australian Proprietary Company,AUBURN,NSW,2144
702218111,DEALREADY HOLDINGS PTY LTD,2026-09-09,Registered,Australian Proprietary Company,SOUTH YARRA,VIC,3141
702218175,BORDERLINE TRAILER HIRE PTY LTD,2026-09-09,Registered,Australian Proprietary Company,YARRAWONGA,VIC,3730
702218219,HARVEY WEALTH PTY LTD,2026-09-09,Registered,Australian Proprietary Company,MAROOCHYDORE,QLD,4558
702218237,INUMA PTY LTD,2026-09-09,Registered,Australian Proprietary Company,BALLAJURA,WA,6066
702218273,ORTHENTIC NO 1 PTY LTD,2026-09-09,Registered,Australian Proprietary Company,WYONG CREEK,NSW,2259
702218291,ARM PROFESSIONAL SERVICES PTY LTD.,2026-09-09,Registered,Australian Proprietary Company,MILL PARK,VIC,3082
702218353,KANGS PILATES AND FITNESS PTY LTD,2026-09-09,Registered,Australian Proprietary Company,CHATSWOOD,NSW,2067
702218399,PROVISHA INVESTMENT PTY LTD,2026-09-10,Registered,Australian Proprietary Company,CLAYTON SOUTH,VIC,3169
702218531,VOLGENCY PTY LTD,2026-09-10,Registered,Australian Proprietary Company,CARINGBAH SOUTH,NSW,2229
702218693,GURUNG RETAIL PTY LTD,2026-09-09,Registered,Australian Proprietary Company,CANNING VALE,WA,6155
702218791,COJAC PROPERTY PTY LTD,2026-09-10,Registered,Australian Proprietary Company,CANNINGTON,WA,6107
702218853,EFFORTLESS STYLE PTY LTD,2026-09-09,Registered,Australian Proprietary Company,SUNNYBANK,QLD,4109
702218933,MELBOURNE COMMERCIAL ROOFING EXPERT PTY. LTD.,2026-09-09,Registered,Australian Proprietary Company,CLAYTON SOUTH,VIC,3169
702219056,FONTANA FOODS SA PTY LTD,2026-09-09,Registered,Australian Proprietary Company,SALISBURY SOUTH,SA,5106
702219074,MITCAN PTY LTD,2026-09-10,Registered,Australian Proprietary Company,MITCHAM,VIC,3132
702219092,CAMA PATEL PTY LTD,2026-09-09,Registered,Australian Proprietary Company,CLAYTON SOUTH,VIC,3169
702219118,4/41 ROSE PTY LTD,2026-09-09,Registered,Australian Proprietary Company,RICHMOND,VIC,3121
702219172,RJ TALEMAISOLOMONI NOMINEES PTY LTD,2026-09-10,Registered,Australian Proprietary Company,CAMBRIDGE GARDENS,NSW,2747
702219270,SUN WALK TRADING PTY LTD,2026-09-09,Registered,Australian Proprietary Company,CASTLE HILL,NSW,2154
702219350,CARLON ASSET HOLDINGS PTY LTD,2026-09-09,Registered,Australian Proprietary Company,BALGOWLAH,NSW,2093
702219396,MATCHACHA PTY LTD.,2026-09-10,Registered,Australian Proprietary Company,SOUTH YARRA,VIC,3141
702219412,SWIFT-WAN SUPERANNUATION FUND PTY LTD,2026-09-09,Registered,Australian Proprietary Company,WOOLLOONGABBA,QLD,4102
702219476,PINNETX PTY LTD,2026-09-10,Registered,Australian Proprietary Company,UNLEY,SA,5061
702219654,NASOS FORMWORK PTY LTD,2026-09-09,Registered,Australian Proprietary Company,MIDDLETON GRANGE,NSW,2171
702219672,THICATA PTY LTD,2026-09-10,Registered,Australian Proprietary Company,WATSON,ACT,2602
702220193,HVL HOTELS DEVELOP & CONSTRUCT PTY LIMITED,2026-09-09,Registered,Australian Proprietary Company,SURRY HILLS,NSW,2010
702220219,FUTURE BUSINESS GROUP MO PTY LTD,2026-09-09,Registered,Australian Proprietary Company,SHEPPARTON,VIC,3630
702220335,G KUOL NOMINEES PTY LTD,2026-09-09,Registered,Australian Proprietary Company,HARKNESS,VIC,3337
702220371,ANYTIME PARCEL PTY LTD,2026-09-09,Registered,Australian Proprietary Company,MERNDA,VIC,3754
702220399,JAIMINI HOLDINGS PTY LTD,2026-09-09,Registered,Australian Proprietary Company,CARINE,WA,6020
702220433,EKKO ONE PTY LTD,2026-09-09,Registered,Australian Proprietary Company,SCORESBY,VIC,3179
702220513,DRIVE UP PTY LTD,2026-09-09,Registered,Australian Proprietary Company,LANE COVE NORTH,NSW,2066
702220531,AUSEASY TRAVEL PTY LTD,2026-09-09,Registered,Australian Proprietary Company,MELBOURNE,VIC,3004
702220657,COTIDAL PTY LTD,2026-09-09,Registered,Australian Proprietary Company,MAYLANDS,WA,6051
702220773,JB INTERIOR DECORATION PTY LTD,2026-09-09,Registered,Australian Proprietary Company,ASHFIELD,NSW,2131
702220871,SOLBAT TECHNOLOGIES PTY LTD,2026-09-09,Registered,Australian Proprietary Company,SYDNEY,NSW,2000
702220951,THE TRIPPING NOMADS SMSF PTY LTD,2026-09-09,Registered,Australian Proprietary Company,OLD TOONGABBIE,NSW,2146
702221010,ROVIK SOLUTIONS PTY LTD,2026-09-09,Registered,Australian Proprietary Company,BRABHAM,WA,6055
702221056,BELVESSA GROUP PTY LTD,2026-09-10,Registered,Australian Proprietary Company,MELBOURNE,VIC,3000
702221074,BIDRA PTY LTD,2026-09-09,Registered,Australian Proprietary Company,PEAK CROSSING,QLD,4306
702221118,C & Y VENTURES PTY LTD,2026-09-09,Registered,Australian Proprietary Company,HADFIELD,VIC,3046
702221136,RED DIRT SADDLERY AUSTRALIA PTY LTD,2026-09-09,Registered,Australian Proprietary Company,ROCKINGHAM,WA,6168
702221270,AUCTORA PTY LTD,2026-09-10,Registered,Australian Proprietary Company,MACQUARIE PARK,NSW,2113
702221332,LUXURY HOME SOFA DECOR PTY LTD,2026-09-09,Registered,Australian Proprietary Company,DANDENONG SOUTH,VIC,3175
702221592,ASCEND ROOFING CANBERRA PTY LTD,2026-09-09,Registered,Australian Proprietary Company,COOMBS,ACT,2611
702221672,AVIORA VENTURES PTY LTD,2026-09-09,Registered,Australian Proprietary Company,PUNCHBOWL,NSW,2196
702221912,SCHOOL GOLF AUSTRALIA PTY LTD,2026-09-09,Registered,Australian Proprietary Company,TEWANTIN,QLD,4565
702221994,ARMSTRONG MOVING AND STORAGE PTY LTD,2026-09-09,Registered,Australian Proprietary Company,EPPING,NSW,2121
702222133,FLEX CLEAN SERVICES PTY LTD,2026-09-09,Registered,Australian Proprietary Company,ERINA,NSW,2250
702222179,FOREVER WEAR PTY LTD,2026-09-09,Registered,Australian Proprietary Company,KALKALLO,VIC,3064
702222277,ALYMER ADVISORY PTY LTD,2026-09-10,Registered,Australian Proprietary Company,NOLLAMARA,WA,6061
702222295,ALL COAST AQUATICS PTY LTD,2026-09-09,Registered,Australian Proprietary Company,GOROKAN,NSW,2263
702222311,HH WEST PTY LTD,2026-09-09,Registered,Australian Proprietary Company,SYDNEY,NSW,2000
702222339,TJ TEMO & R TOLOA NOMINEES PTY LTD,2026-09-09,Registered,Australian Proprietary Company,OXLEY PARK,NSW,2760
702222357,ECHUCA FITNESS PTY LTD,2026-09-09,Registered,Australian Proprietary Company,ARMSTRONG CREEK,VIC,3217
702222375,SO PEACHY PTY LTD,2026-09-09,Registered,Australian Proprietary Company,PADSTOW HEIGHTS,NSW,2211
702222393,MAFOA FAMILY SUPERFUND PTY. LTD.,2026-09-09,Registered,Australian Proprietary Company,COLLAROY PLATEAU,NSW,2097
702222437,AJ SUN CAPITAL PTY LTD,2026-09-09,Registered,Australian Proprietary Company,NIRIMBA FIELDS,NSW,2763
702222455,AROHA MEDICAL CENTRE PTY LTD,2026-09-09,Registered,Australian Proprietary Company,TRUGANINA,VIC,3029
702222473,WORTHY FACILITIES PTY LTD,2026-09-09,Registered,Australian Proprietary Company,YAGOONA,NSW,2199
702222535,AVELLA HOMES PTY LTD,2026-09-09,Registered,Australian Proprietary Company,INGLEWOOD,WA,6052
702222599,JAL TECHNOLOGIES PTY LTD,2026-09-10,Registered,Australian Proprietary Company,DARLING POINT,NSW,2027
702222615,MUNCH 2 GROW PTY LTD,2026-09-10,Registered,Australian Proprietary Company,RUSSELL LEA,NSW,2046
702222651,IRIS TRADE PTY LTD,2026-09-09,Registered,Australian Proprietary Company,THOMASTOWN,VIC,3074
702222811,OFFWEST CONSTRUCTION GROUP PTY LTD.,2026-09-10,Registered,Australian Proprietary Company,SUCCESS,WA,6164
702222937,GORTON SUPER PROPERTY PTY LTD,2026-09-09,Registered,Australian Proprietary Company,MAITLAND,NSW,2320
702222973,GORTON FAMILY SUPER PTY LTD,2026-09-09,Registered,Australian Proprietary Company,MAITLAND,NSW,2320
702223158,MAISON ARGENT PTY LTD,2026-09-09,Registered,Australian Proprietary Company,SCHOFIELDS,NSW,2762
702223176,AVF TRADING PTY LTD,2026-09-09,Registered,Australian Proprietary Company,MACQUARIE PARK,NSW,2113
702223256,WOAHH PTY LTD,2026-09-10,Registered,Australian Proprietary Company,YARRABILBA,QLD,4207
702223452,MUNITIX PTY LTD,2026-09-10,Registered,Australian Proprietary Company,KELLYVILLE RIDGE,NSW,2155
702223630,SPOT CONNECTION PTY LTD,2026-09-09,Registered,Australian Proprietary Company,BICKLEY VALE,NSW,2570
702223836,NON PROFIT ESTABLISHMENT SPECIALISTS PTY LTD,2026-09-09,Registered,Australian Proprietary Company,SYDNEY,NSW,2000
702223970,GRANDEUR YIELD PTY LTD,2026-09-09,Registered,Australian Proprietary Company,REDBANK PLAINS,QLD,4301
702223998,LYNOROZ PTY LTD,2026-09-10,Registered,Australian Proprietary Company,RINGWOOD EAST,VIC,3135
702224039,CORNERSTONE TECHNOLOGY ADVISORY PTY LTD,2026-09-09,Registered,Australian Proprietary Company,EPPING,NSW,2121
702224075,OOH MERIDIAN SERVICES PTY LTD,2026-09-09,Registered,Australian Proprietary Company,HAWTHORN,VIC,3122
702224119,AUREON SOFTWARE PTY LTD,2026-09-09,Registered,Australian Proprietary Company,GLEBE,NSW,2037
702224155,TRUSEC.AI PTY LTD,2026-09-10,Registered,Australian Proprietary Company,HEATHMONT,VIC,3135
702224217,EARTHSKY PTY LTD,2026-09-09,Registered,Australian Proprietary Company,GREENVALE,VIC,3059
702224299,CORNERSTONE LAW CO PTY LTD,2026-09-09,Registered,Australian Proprietary Company,CARNES HILL,NSW,2171
702224557,ENKOR SOLUTIONS PTY LTD,2026-09-09,Registered,Australian Proprietary Company,COCKBURN CENTRAL,WA,6164
702224673,RSP 1978 MEDICAL PTY LTD,2026-09-09,Registered,Australian Proprietary Company,DOCKLANDS,VIC,3008
702224931,TERRASHIELD CYBER PTY LTD,2026-09-09,Registered,Australian Proprietary Company,KALEEN,ACT,2617
702225296,FUTURESTEPS SUPPORT SERVICES PTY LTD,2026-09-10,Registered,Australian Proprietary Company,ASCOT VALE,VIC,3032
702225456,HIGH CARE PTY LTD,2026-09-10,Registered,Australian Proprietary Company,THIRLMERE,NSW,2572
702225858,THE SOCIAL MUSLIM PTY LTD,2026-09-10,Registered,Australian Proprietary Company,DJUGUN,WA,6725
702225894,TWOSLEEPS PTY LTD,2026-09-10,Registered,Australian Proprietary Company,FAIRFIELD,NSW,2165
702225992,AUSTRION INDUSTRIAL GROUP PTY LTD,2026-09-10,Registered,Australian Proprietary Company,PENRITH SOUTH,NSW,2750
702226604,SAI TRANSPORT PTY LTD,2026-09-10,Registered,Australian Proprietary Company,GATTON,QLD,4343
702226622,TAMNA GROUP PTY LTD,2026-09-10,Registered,Australian Proprietary Company,BOONDALL,QLD,4034
702226702,ONZKO PTY LTD,2026-09-10,Registered,Australian Proprietary Company,BEECHBORO,WA,6063
702227049,GV PROPERTY MANAGEMENT AND MAINTENANCE PTY LTD,2026-09-10,Registered,Australian Proprietary Company,COWANDILLA,SA,5033
702227405,THE HISTORIC BREDBO INN (NSW) PTY LTD,2026-09-10,Registered,Australian Proprietary Company,NEWCASTLE,NSW,2300
702227469,MANUIA GROUP PTY LTD,2026-09-10,Registered,Australian Proprietary Company,NORTHGATE,QLD,4013
702227521,KARUNA SREE PTY LTD,2026-09-10,Registered,Australian Proprietary Company,KANGAROO POINT,QLD,4169
702227567,ROBB INDUSTRIES PTY LTD,2026-09-10,Registered,Australian Proprietary Company,DINGO BEACH,QLD,4800
702227601,CAMPBELL CONNECT ELECTRICAL PTY LTD,2026-09-10,Registered,Australian Proprietary Company,STAFFORD HEIGHTS,QLD,4053
702227745,HAREG FAMILY PTY LTD,2026-09-10,Registered,Australian Proprietary Company,TRUGANINA,VIC,3029
702227889,ROTATING MACHINE PRODUCTIONS PTY LTD,2026-09-10,Registered,Australian Proprietary Company,BOWRAL,NSW,2576
702227905,EQUIPT COMMERCIAL ASSET FINANCE PTY LTD,2026-09-10,Registered,Australian Proprietary Company,GISBORNE SOUTH,VIC,3437
702227923,MIA MIA 28 PTY LTD,2026-09-10,Registered,Australian Proprietary Company,BRISBANE CITY,QLD,4000
702228046,IRONTRACKS DOZER & TRAILER HIRE PTY LTD,2026-09-10,Registered,Australian Proprietary Company,SPRING CREEK,QLD,4343
702228064,L & D GRAHAM SUPER PTY LTD,2026-09-10,Registered,Australian Proprietary Company,SYDNEY,NSW,2000
702228082,JOSBENN HOLDINGS PTY LIMITED,2026-09-10,Registered,Australian Proprietary Company,ORAN PARK,NSW,2570
702228108,PARMECH PTY LTD,2026-09-10,Registered,Australian Proprietary Company,MOE,VIC,3825
702228144,LRL MANAGEMENT SERVICES PTY LTD,2026-09-10,Registered,Australian Proprietary Company,WINDALE,NSW,2306
702228162,BRYAR SUPER MANAGEMENT PTY LTD,2026-09-10,Registered,Australian Proprietary Company,MELBOURNE,VIC,3000
702228180,DEALREADY TECHNOLOGY PTY LTD,2026-09-10,Registered,Australian Proprietary Company,SOUTH YARRA,VIC,3141
702228224,JTLP SUPER PTY LTD,2026-09-10,Registered,Australian Proprietary Company,DARLINGTON,NSW,2008
702228242,FRYER FAMILY SUPER PTY LTD,2026-09-10,Registered,Australian Proprietary Company,BATHURST,NSW,2795
702228260,MELONBA1115 PTY LTD,2026-09-10,Registered,Australian Proprietary Company,MELONBA,NSW,2765
702228322,LIVITY GROUP PTY LTD,2026-09-10,Registered,Australian Proprietary Company,MACKAY,QLD,4740
702228448,MECHVERSE PTY LTD,2026-09-10,Registered,Australian Proprietary Company,MIRANDA,NSW,2228
702228484,INKA KINGS PTY LTD,2026-09-10,Registered,Australian Proprietary Company,PLUMPTON,NSW,2761
702228500,DIRECT CHEMIST OUTLET RIVERGUM PTY LTD,2026-09-10,Registered,Australian Proprietary Company,BRAESIDE,VIC,3195
702228546,ALL PLANT HIRE AUSTRALIA PTY LTD,2026-09-10,Registered,Australian Proprietary Company,YATALA,QLD,4207
702228644,S&G CAPITAL PTY LTD,2026-09-10,Registered,Australian Proprietary Company,AUSTINS FERRY,TAS,7011
702228680,TIEBRY PTY LTD,2026-09-10,Registered,Australian Proprietary Company,NUDGEE,QLD,4014
702228706,ATPH PTY LTD,2026-09-10,Registered,Australian Proprietary Company,MANGO HILL,QLD,4509
702228742,ZONE PLUS TECHNOLOGIES PTY LTD.,2026-09-10,Registered,Australian Proprietary Company,WOONONA,NSW,2517
702228760,WOODS TECHNOLOGIES PTY LTD,2026-09-10,Registered,Australian Proprietary Company,SOUTH YARRA,VIC,3141
702228804,AA & SS PTY LTD,2026-09-10,Registered,Australian Proprietary Company,FRASER RISE,VIC,3336
702229329,SUPERFERN PTY LTD,2026-09-10,Registered,Australian Proprietary Company,LAMBTON,NSW,2299
702229347,GPV GREENWICH PTY LTD,2026-09-10,Registered,Australian Proprietary Company,CHARLESTOWN,NSW,2290
702229427,KAPIOLANI CAPITAL PTY. LIMITED,2026-09-10,Registered,Australian Proprietary Company,FITZROY NORTH,VIC,3068
702229525,SMITH ADVISORY & MANAGEMENT PTY LTD,2026-09-10,Registered,Australian Proprietary Company,MELBOURNE,VIC,3000
702229641,N & L GARLICK NOMINEES PTY LTD,2026-09-10,Registered,Australian Proprietary Company,WHEELERS HILL,VIC,3150
702229669,TILIQUA ENTERPRISES PTY LTD,2026-09-10,Registered,Australian Proprietary Company,ADELAIDE,SA,5000
702229721,SYSTOVA PTY LTD,2026-09-10,Registered,Australian Proprietary Company,HAMMONDVILLE,NSW,2170
702229749,LUNCHBOX & CO PTY LTD,2026-09-10,Registered,Australian Proprietary Company,CONDELL PARK,NSW,2200
702229801,AYLIFFE CITADEL PTY LTD,2026-09-10,Registered,Australian Proprietary Company,TRARALGON,VIC,3844
702229829,JP GROWTH ASSET HOLDINGS PTY LTD,2026-09-10,Registered,Australian Proprietary Company,MIDDLEMOUNT,QLD,4746
702229883,THE MYCELIUM GROUP PTY LTD,2026-09-10,Registered,Australian Proprietary Company,BOWEN HILLS,QLD,4006
702229981,177 TONE RD PTY LTD,2026-09-10,Registered,Australian Proprietary Company,EPSOM,VIC,3551
702230028,BY EMBER PTY LTD,2026-09-10,Registered,Australian Proprietary Company,GEELONG,VIC,3220
702230224,SAAM TOWAGE AUSTRALIA PTY LIMITED,2026-09-10,Registered,Australian Proprietary Company,ELANORA,QLD,4221
702230242,H&V TRAN PTY LTD,2026-09-10,Registered,Australian Proprietary Company,CROYDON,VIC,3136
702230288,BENTLEY MANOR PTY LTD,2026-09-10,Registered,Australian Proprietary Company,MALVERN,VIC,3144
702230304,PDS DEVELOPMENTS PTY LTD,2026-09-10,Registered,Australian Proprietary Company,WATERWAYS,VIC,3195
702230340,LILY JERRY SUPER PTY LTD,2026-09-10,Registered,Australian Proprietary Company,CLEAR ISLAND WATERS,QLD,4226
702230368,GLOBAL MINING SUPPLIES INTERNATIONAL PTY LTD,2026-09-10,Registered,Australian Proprietary Company,MILTON,QLD,4064
702230448,VENNDZ PTY LTD,2026-09-10,Registered,Australian Proprietary Company,EDMONDSON PARK,NSW,2174
702230484,BF 101 PTY LTD,2026-09-10,Registered,Australian Proprietary Company,MOSMAN,NSW,2088
702230528,JURWEST TECHNICAL SERVICES PTY LTD,2026-09-10,Registered,Australian Proprietary Company,NORTH SYDNEY,NSW,2060
702230564,CM SYNERGY GROUP PTY LTD,2026-09-10,Registered,Australian Proprietary Company,QUAKERS HILL,NSW,2763
702230582,STAG VENTURES PTY LTD,2026-09-10,Registered,Australian Proprietary Company,MAYLANDS,WA,6051
702230608,AKHA4 COMMERCIAL HOLDINGS PTY LTD,2026-09-10,Registered,Australian Proprietary Company,MALONEYS BEACH,NSW,2536
702230680,AL CANBERRA PTY LTD,2026-09-10,Registered,Australian Proprietary Company,MELBOURNE,VIC,3000
702230742,BOVA RESI CAPITAL PTY LTD,2026-09-10,Registered,Australian Proprietary Company,CRONULLA,NSW,2230
702230788,EDUM SUPERANNUATION NOMINEES PTY LTD,2026-09-10,Registered,Australian Proprietary Company,KEW EAST,VIC,3102
702230868,SAHSHAK CONSTRUCTIONS PTY LTD,2026-09-10,Registered,Australian Proprietary Company,COBURG,VIC,3058
702230886,TANINA GRACE WILLMOTT INVESTMENTS PTY LTD,2026-09-10,Registered,Australian Proprietary Company,BEERWAH,QLD,4519
702230902,PRIME VOLT ENERGY PTY LTD,2026-09-10,Registered,Australian Proprietary Company,SMITHFIELD,SA,5114
702230920,JP GROWTH ASSET CO PTY LTD,2026-09-10,Registered,Australian Proprietary Company,MIDDLEMOUNT,QLD,4746
702231025,AAA INTERIOR LININGS GROUP PTY LTD,2026-09-10,Registered,Australian Proprietary Company,WOOLGOOLGA,NSW,2456
702231105,FLEXICORE FLOORING PTY LTD,2026-09-10,Registered,Australian Proprietary Company,VICTORIA PARK,WA,6100
702231141,VAN J 88 PTY LTD,2026-09-10,Registered,Australian Proprietary Company,PORT MELBOURNE,VIC,3207
702231203,ELLYETT HOLDINGS PTY LTD,2026-09-10,Registered,Australian Proprietary Company,UPPER MOUNT GRAVATT,QLD,4122
702231249,TOB CAPITAL PTY LTD,2026-09-10,Registered,Australian Proprietary Company,MORPHETT VALE,SA,5162
702231347,FITOUT FRANKIE SUPERFUND PTY LTD,2026-09-10,Registered,Australian Proprietary Company,BRIGHTON,VIC,3186
702231463,SRT MASONRY PTY LTD,2026-09-10,Registered,Australian Proprietary Company,MAROUBRA,NSW,2035
702231641,DMC FAMILY SMSF PTY LTD,2026-09-10,Registered,Australian Proprietary Company,NEWTOWN,QLD,4350
702231687,PO TRADING PTY LTD,2026-09-10,Registered,Australian Proprietary Company,MILLERS POINT,NSW,2000
702231721,SAFECODE.AI PTY LTD,2026-09-10,Registered,Australian Proprietary Company,SOUTHBANK,VIC,3006
702231749,THEA MAY CAPITAL PTY LTD,2026-09-10,Registered,Australian Proprietary Company,MARRICKVILLE,NSW,2204
702231829,ZAE SYDNEY PTY LTD,2026-09-10,Registered,Australian Proprietary Company,HARRINGTON PARK,NSW,2567
702231847,VIITE PERTH PTY LTD,2026-09-10,Registered,Australian Proprietary Company,BAYSWATER,WA,6053
702231865,GRACE CONSTRUCTIONS QLD PTY LTD,2026-09-10,Registered,Australian Proprietary Company,NEWSTEAD,QLD,4006
702231883,NB&PY CUSTODIAN PTY LTD,2026-09-10,Registered,Australian Proprietary Company,CAROLINE SPRINGS,VIC,3023
702232068,SYNERGY CLUBS PTY LTD,2026-09-10,Registered,Australian Proprietary Company,BUNDALL,QLD,4217
702232102,BETTERWAY GROUP PTY LTD,2026-09-10,Registered,Australian Proprietary Company,NORTH ROCKS,NSW,2151
702232148,CAMBAM HOLDINGS PTY LTD,2026-09-10,Registered,Australian Proprietary Company,MARRICKVILLE,NSW,2204
702232166,DIGTREE HOLDINGS PTY LTD,2026-09-10,Registered,Australian Proprietary Company,FOREST LAKE,QLD,4078
702232184,VIA PACIFIC PTY LTD,2026-09-10,Registered,Australian Proprietary Company,WEST RYDE,NSW,2114
702232228,SOUTHERN CROSS GOLF DEVELOPMENT PTY LTD,2026-09-10,Registered,Australian Proprietary Company,KLEMZIG,SA,5087
702232246,PERRI CROSS PTY LTD,2026-09-10,Registered,Australian Proprietary Company,TECOMA,VIC,3160
702232344,CRESTFORD COMMERCIAL PTY LTD,2026-09-10,Registered,Australian Proprietary Company,BUNDALL,QLD,4217
702232380,POSTLINK DOVII PTY LTD,2026-09-10,Registered,Australian Proprietary Company,WISHART,QLD,4122
702232406,JACONO TWO PTY LTD,2026-09-10,Registered,Australian Proprietary Company,STRATHFIELD,NSW,2135
702232540,GAIL GARETH SM SUPER PTY LTD,2026-09-10,Registered,Australian Proprietary Company,HURLSTONE PARK,NSW,2193
702232666,GET PARTNERS PTY LTD,2026-09-10,Registered,Australian Proprietary Company,SINGLETON,NSW,2330
702232684,PLASTIC PACKAGING PTY LTD,2026-09-10,Registered,Australian Proprietary Company,PENRITH,NSW,2750
702232746,STRUKT COMMERCIAL CONSTRUCTION PTY LTD,2026-09-10,Registered,Australian Proprietary Company,BEAUMONT HILLS,NSW,2155
702232764,A & M PROVIDENTIA HOLDINGS PTY LTD,2026-09-10,Registered,Australian Proprietary Company,BULLEEN,VIC,3105
702232862,PS975 PTY LTD,2026-09-10,Registered,Australian Proprietary Company,WESTMEADOWS,VIC,3049
702232906,HAPPY BUBBLES LEASING PTY LTD,2026-09-10,Registered,Australian Proprietary Company,PARKVILLE,VIC,3052
702232942,FALAFEL 961 PTY LTD,2026-09-10,Registered,Australian Proprietary Company,TRUGANINA,VIC,3029
702232988,BARNSBY SUPER SUPER PTY LTD,2026-09-10,Registered,Australian Proprietary Company,HOPETOUN,WA,6348
702233083,ZIPKURE PTY LTD,2026-09-10,Registered,Australian Proprietary Company,BRAEMAR,NSW,2575
702233109,ASIA DIGITAL (AT) INVESTMENT PTY LTD,2026-09-10,Registered,Australian Proprietary Company,SOUTHBANK,VIC,3006
702233289,KCVB CAPITAL GROUP PTY LTD,2026-09-10,Registered,Australian Proprietary Company,DERRIMUT,VIC,3026
702233369,REDFERN COMMERCIAL PTY LTD,2026-09-10,Registered,Australian Proprietary Company,GREENSBOROUGH,VIC,3088
702233387,ASEL FAMILY HOLDING PTY LTD,2026-09-10,Registered,Australian Proprietary Company,BRISBANE CITY,QLD,4000
702233421,S & A NEWTON LAND PTY LTD,2026-09-10,Registered,Australian Proprietary Company,WARRNAMBOOL,VIC,3280
702233467,HSYU PTY LTD,2026-09-10,Registered,Australian Proprietary Company,SOUTH MELBOURNE,VIC,3205
702233609,DNA FIGHT & PERFORMANCE PTY LTD,2026-09-10,Registered,Australian Proprietary Company,BRIGHTON,SA,5048
702233761,SWAGATH GRAND GLENWAVERLEY PTY LTD,2026-09-10,Registered,Australian Proprietary Company,GLEN WAVERLEY,VIC,3150
702233789,OBCI RURAL PTY LTD,2026-09-10,Registered,Australian Proprietary Company,MACKAY,QLD,4740
702233805,ZEYSAL MEYDAN GROUP PTY LTD,2026-09-10,Registered,Australian Proprietary Company,MALVERN,VIC,3144
702233823,IVORY INVESTMENT PARTNERS PTY LTD,2026-09-10,Registered,Australian Proprietary Company,PARRAMATTA,NSW,2150
702233903,INQUERIA PTY LTD,2026-09-10,Registered,Australian Proprietary Company,MENTONE,VIC,3194
702233921,PILLGLOW PTY LTD,2026-09-10,Registered,Australian Proprietary Company,BOWEN HILLS,QLD,4006
702233949,ACORN GROUP HOLDINGS AUSTRALIA PTY LTD,2026-09-10,Registered,Australian Proprietary Company,SYDNEY,NSW,2000
702233967,READY FIGHT SPORTS PTY LTD,2026-09-10,Registered,Australian Proprietary Company,MAROOCHYDORE,QLD,4558
702234026,ELIE TRADING GROUP PTY LTD,2026-09-10,Registered,Australian Proprietary Company,MACQUARIE LINKS,NSW,2565
702234062,S&S HERATH HOLDINGS PTY LTD,2026-09-10,Registered,Australian Proprietary Company,CASTLETOWN,WA,6450
702234106,HEALTH AIR PTY LTD,2026-09-10,Registered,Australian Proprietary Company,HIGH WYCOMBE,WA,6057
702234160,RICH 3 RARE PTY LTD,2026-09-10,Registered,Australian Proprietary Company,CLAYFIELD,QLD,4011
702234188,PNB DESIGN AND CONSTRUCT PTY LTD,2026-09-10,Registered,Australian Proprietary Company,WALLSEND,NSW,2287
702234204,GSL BUSINESS PTY LTD,2026-09-10,Registered,Australian Proprietary Company,OLD TOONGABBIE,NSW,2146
702234302,BAILEY PRIVATE HOLDINGS PTY LTD,2026-09-10,Registered,Australian Proprietary Company,HAWTHORN EAST,VIC,3123
702234348,OTO SUSHI BAR PTY LTD,2026-09-10,Registered,Australian Proprietary Company,SOUTHBANK,VIC,3006
702234400,GREENFIELD HOSPITALITY GROUP PTY LTD,2026-09-10,Registered,Australian Proprietary Company,CLYDE NORTH,VIC,3978
702234428,EM CAPITAL HOLDINGS PTY LTD,2026-09-10,Registered,Australian Proprietary Company,MELBOURNE,VIC,3004
702234562,SEIJ PTY LTD,2026-09-10,Registered,Australian Proprietary Company,GORDON PARK,QLD,4031
702234660,43 HAROLD WENDOUREE PTY LTD,2026-09-10,Registered,Australian Proprietary Company,SANDY POINT,NSW,2172
702234786,SFX EARTHWORKS PTY LTD,2026-09-10,Registered,Australian Proprietary Company,MURRUMBEENA,VIC,3163
702234802,SAI KRUPAA FAMILY INVESTMENTS PTY LTD,2026-09-10,Registered,Australian Proprietary Company,KELLYVILLE,NSW,2155
702234848,AAA HOUSING AUS PTY LTD,2026-09-10,Registered,Australian Proprietary Company,WISHART,QLD,4122
702234884,LUMIERE DEALENGINE PTY LTD,2026-09-10,Registered,Australian Proprietary Company,WHEELERS HILL,VIC,3150
702234946,THREEFOLD CAPITAL PTY LTD,2026-09-10,Registered,Australian Proprietary Company,ST LEONARDS,NSW,2065
702234982,MONUMENT BUILT PTY LTD,2026-09-10,Registered,Australian Proprietary Company,PARADISE POINT,QLD,4216
702235041,AURELIA ACADEMY OF RHYTHMIC GYMNASTICS PTY LTD,2026-09-10,Registered,Australian Proprietary Company,SOUTHBANK,VIC,3006
702235087,SAWA AND CO PTY LTD,2026-09-10,Registered,Australian Proprietary Company,THOMASTOWN,VIC,3074
702235121,SVF NOT FORGOTTEN PTY LTD,2026-09-10,Registered,Australian Proprietary Company,KENMORE,QLD,4069
702235149,JEZEK CORPORATE HOLDINGS PTY LIMITED,2026-09-10,Registered,Australian Proprietary Company,BARTON,ACT,2600
702235229,HEINICKE FARMS PTY LTD,2026-09-10,Registered,Australian Proprietary Company,GLEN OSMOND,SA,5064
702235283,WORSNOP & CO PTY LTD,2026-09-10,Registered,Australian Proprietary Company,STAFFORD HEIGHTS,QLD,4053
702235327,CONCEPT OPERATIONS AUSTRALIA PTY LTD,2026-09-10,Registered,Australian Proprietary Company,STRATHFIELD SOUTH,NSW,2136
702235489,MANOVIA PTY LTD,2026-09-10,Registered,Australian Proprietary Company,GUILDFORD,NSW,2161
702235541,TOMACHI GROUP PTY LTD,2026-09-10,Registered,Australian Proprietary Company,MOONEE PONDS,VIC,3039
702235667,AAPEX PROPERTY PROFESSIONAL PTY LTD,2026-09-10,Registered,Australian Proprietary Company,CRAIGIEBURN,VIC,3064
702235685,BALLARAT PLASTIC SURGERY BY WPRS PTY LTD,2026-09-10,Registered,Australian Proprietary Company,GEELONG,VIC,3220
702235845,BARE FAVMONEY PTY LTD,2026-09-10,Registered,Australian Proprietary Company,GRIFFITH,NSW,2680
702235863,GOLINELLI HOLDINGS PTY LTD,2026-09-10,Registered,Australian Proprietary Company,NEW FARM,QLD,4005
702235881,J HARDING PTY LTD,2026-09-10,Registered,Australian Proprietary Company,SOUTHBANK,VIC,3006
702235925,IAM SURVEYORS QLD PTY LTD,2026-09-10,Registered,Australian Proprietary Company,SOUTHPORT,QLD,4215
702235943,WOODITCH HOLDINGS PTY LTD,2026-09-10,Registered,Australian Proprietary Company,WEST PERTH,WA,6005
702235961,DB MCSHANE HOLDINGS PTY LTD,2026-09-10,Registered,Australian Proprietary Company,WEST PERTH,WA,6005
702235989,BEMERSYDE PTY LTD,2026-09-10,Registered,Australian Proprietary Company,WEST PERTH,WA,6005
702236002,CORDUKES INVESTMENTS PTY LTD,2026-09-10,Registered,Australian Proprietary Company,TRANGIE,NSW,2823
702236020,FLEET TECH PTY LTD,2026-09-10,Registered,Australian Proprietary Company,ORMEAU HILLS,QLD,4208
702236066,MT CATHEDRAL SUPER PTY LTD,2026-09-10,Registered,Australian Proprietary Company,BELMONT,NSW,2280
702236100,J WRIGHT PTY LTD,2026-09-10,Registered,Australian Proprietary Company,QUEENSCLIFF,NSW,2096
702236128,GHOM INVESTMENTS PTY LTD,2026-09-10,Registered,Australian Proprietary Company,NICKOL,WA,6714
702236164,KALPADRUMA PTY LTD,2026-09-10,Registered,Australian Proprietary Company,WOOLLAHRA,NSW,2025
702236182,DSRC PROPERTY PTY LTD,2026-09-10,Registered,Australian Proprietary Company,PRESTON,VIC,3072
702236306,MARISOLE HOLDINGS PTY LTD,2026-09-10,Registered,Australian Proprietary Company,CARLTON,VIC,3053
702236422,THREEFRIENDS PTY LTD,2026-09-10,Registered,Australian Proprietary Company,CRANBOURNE EAST,VIC,3977
702236486,AA DAGNY PTY LTD,2026-09-10,Registered,Australian Proprietary Company,MANDURAH,WA,6210
702236566,NEW YBL PTY LTD,2026-09-10,Registered,Australian Proprietary Company,EVANDALE,SA,5069
702236682,BULKBEEM PTY LTD,2026-09-10,Registered,Australian Proprietary Company,GREENSBOROUGH,VIC,3088
702236888,CORE STRIP SOLUTIONS PTY LTD,2026-09-10,Registered,Australian Proprietary Company,GRANVILLE,NSW,2142
702236940,MCGOV PTY LIMITED,2026-09-10,Registered,Australian Proprietary Company,SOUTH MELBOURNE,VIC,3205
702236968,INFINITY WORKFORCE MELBOURNE PTY LTD,2026-09-10,Registered,Australian Proprietary Company,MAROUBRA,NSW,2035
702236986,MATTHEY LYNNE PTY LTD,2026-09-10,Registered,Australian Proprietary Company,FLOREAT,WA,6014
702237081,AUSCON INVESTMENTS PTY LTD,2026-09-10,Registered,Australian Proprietary Company,CAMPBELLFIELD,VIC,3061
702237189,GC OLIVERI GB PTY LTD,2026-09-10,Registered,Australian Proprietary Company,MACQUARIE LINKS,NSW,2565
702237223,N&C AU PTY LTD,2026-09-10,Registered,Australian Proprietary Company,GLENELG,SA,5045
702237287,MV AGENT PTY LTD,2026-09-10,Registered,Australian Proprietary Company,SUBIACO,WA,6008
702237401,KSJ SIERRA PTY LTD,2026-09-10,Registered,Australian Proprietary Company,MOSMAN,NSW,2088
702237527,NODDYLAND PTY LTD,2026-09-10,Registered,Australian Proprietary Company,SHEPPARTON,VIC,3630
702237563,PROPERTY360 MOWING CONTRACTORS PTY LTD,2026-09-10,Registered,Australian Proprietary Company,COFFS HARBOUR,NSW,2450
702237689,SOURCE BLUE PTY LTD,2026-09-10,Registered,Australian Proprietary Company,WEST PERTH,WA,6005
702237769,STALKER PRIVATE PTY LTD,2026-09-10,Registered,Australian Proprietary Company,NEWTOWN,QLD,4305
702237787,GIPPSLAND HINDU CULTURAL AND EDUCATIONAL ASSOCIATION PTY LTD,2026-09-10,Registered,Australian Proprietary Company,TRARALGON,VIC,3844
702237867,QLD1 PTY LTD,2026-09-10,Registered,Australian Proprietary Company,BALLARAT CENTRAL,VIC,3350
702237947,GOEL FAMILY PTY LTD,2026-09-10,Registered,Australian Proprietary Company,THE PONDS,NSW,2769
702237983,SCHOOL BLOCK PTY LTD,2026-09-10,Registered,Australian Proprietary Company,MILE END,SA,5031
702238060,KEYCON GROUP PTY LTD,2026-09-10,Registered,Australian Proprietary Company,WAGGA WAGGA,NSW,2650
702238088,W LANGFORD PTY LTD,2026-09-10,Registered,Australian Proprietary Company,HAMPTON,VIC,3188
702238168,RK NOVERA PTY LTD,2026-09-10,Registered,Australian Proprietary Company,WOLLERT,VIC,3750
702238186,ROUSE HILL CHEMIST PTY LTD,2026-09-10,Registered,Australian Proprietary Company,NORWEST,NSW,2153
702246099,SSB CORPORATION PTY LTD,2026-09-10,Registered,Australian Proprietary Company,GRIFFIN,QLD,4503
702255856,MAJESTIC TREE CARE PTY LTD,2026-09-10,Registered,Australian Proprietary Company,CAMPBELLTOWN,SA,5074
702258311,A.C.T. ADVISORY & CO PTY LTD,2026-09-10,Registered,Australian Proprietary Company,SUBIACO,WA,6008
702258464,GREAT OCEAN PTY LTD,2026-09-10,Registered,Australian Proprietary Company,STRETTON,QLD,4116
702258517,JPMA PTY LTD,2026-09-10,Registered,Australian Proprietary Company,MELONBA,NSW,2765
702258535,G&A CUSTOM INDUSTRIES PTY LTD,2026-09-10,Registered,Australian Proprietary Company,MORAWA,WA,6623
702258651,DESWAL ASSOCIATION PTY LTD,2026-09-10,Registered,Australian Proprietary Company,BLACKTOWN,NSW,2148
702258740,FREMA STEEL PTY LIMITED,2026-09-10,Registered,Australian Proprietary Company,RYDE,NSW,2112
702258893,SROUR MIXED BUSINESS PTY LTD,2026-09-10,Registered,Australian Proprietary Company,KOGARAH,NSW,2217
702258919,GANAPATI FOODS PTY LTD,2026-09-10,Registered,Australian Proprietary Company,CLYDE NORTH,VIC,3978
702258937,LIMERIA IP HOLDINGS PTY LTD,2026-09-10,Registered,Australian Proprietary Company,GRANVILLE,NSW,2142
702259014,SANDHU TRANSPORT LOGISTIC PTY LTD,2026-09-10,Registered,Australian Proprietary Company,BLACKTOWN,NSW,2148
702259032,PASSION 2 CARE PTY LTD,2026-09-10,Registered,Australian Proprietary Company,TEMPE,NSW,2044
702259078,G.N KULAR PTY LTD,2026-09-10,Registered,Australian Proprietary Company,BEULAH PARK,SA,5067
702259130,HARTWICK FINANCE GROUP PTY LTD,2026-09-10,Registered,Australian Proprietary Company,MAWSON,ACT,2607
702259292,OG ENVIRONMENTAL PTY LTD,2026-09-10,Registered,Australian Proprietary Company,CRANEBROOK,NSW,2749
702259345,B&T EXPORT PTY LTD,2026-09-10,Registered,Australian Proprietary Company,PUNCHBOWL,NSW,2196
702259407,MOKHA PTY LTD,2026-09-10,Registered,Australian Proprietary Company,GLEN WAVERLEY,VIC,3150
702259443,HUNTER BAY ADVISORY PTY LTD,2026-09-10,Registered,Australian Proprietary Company,CARRAMAR,NSW,2163
702259461,JENOVA GROUP PTY LTD,2026-09-10,Registered,Australian Proprietary Company,SEVEN HILLS,NSW,2147
702259658,DEPTH ONLINE PTY LTD,2026-09-10,Registered,Australian Proprietary Company,HOPE ISLAND,QLD,4212
702259701,TACO WAFFLE LAB PTY LTD,2026-09-10,Registered,Australian Proprietary Company,GRANVILLE,NSW,2142
702259854,CANDEX PTY LTD,2026-09-10,Registered,Australian Proprietary Company,TWEED HEADS,NSW,2485
702259907,GSM SUPER INVESTMENTS PTY LTD,2026-09-10,Registered,Australian Proprietary Company,NORMAN PARK,QLD,4170
702259943,CHASELEY STREET INVESTMENTS PTY LTD,2026-09-10,Registered,Australian Proprietary Company,NORMAN PARK,QLD,4170
702259989,POTENZA AIR PTY LTD,2026-09-10,Registered,Australian Proprietary Company,ORAN PARK,NSW,2570
702260044,RJD CIVIL PTY LTD,2026-09-10,Registered,Australian Proprietary Company,FLINDERS VIEW,QLD,4305
702260099,JM FAMILY ASSETS PTY LTD,2026-09-10,Registered,Australian Proprietary Company,WANNEROO,WA,6065
702260151,R & J COMPLIANCE SERVICES PTY LTD,2026-09-10,Registered,Australian Proprietary Company,TARNEIT,VIC,3029
702260213,YUNQI GROUP PTY LTD,2026-09-10,Registered,Australian Proprietary Company,BOX HILL NORTH,VIC,3129
702260268,LANDMARK TRANSPORT PTY LTD,2026-09-10,Registered,Australian Proprietary Company,GLENORCHY,TAS,7010
702260302,SELAI NAJIBI FAMILY PTY LTD,2026-09-10,Registered,Australian Proprietary Company,CRANBOURNE SOUTH,VIC,3977
702260348,UNICORN 3REE PTY LTD,2026-09-10,Registered,Australian Proprietary Company,TRUGANINA,VIC,3029
702260384,ELIANA NOMINEES PTY LTD,2026-09-10,Registered,Australian Proprietary Company,MELBOURNE,VIC,3000
702260393,GURKHUSH INVESTMENT PTY LTD,2026-09-10,Registered,Australian Proprietary Company,CRAIGIEBURN,VIC,3064
702260400,K & S FAMILY PROPERTY PTY LTD,2026-09-10,Registered,Australian Proprietary Company,DENHAM COURT,NSW,2565
702260419,VEDAPRIME INVESTMENTS PTY. LTD.,2026-09-10,Registered,Australian Proprietary Company,BANKSIA BEACH,QLD,4507
702260464,PS BUSINESS SOLUTIONS PTY LTD,2026-09-10,Registered,Australian Proprietary Company,HAMPTON PARK,VIC,3976
702260508,DYLAN GRAY INNOVATIONS PTY LTD,2026-09-10,Registered,Australian Proprietary Company,SHAILER PARK,QLD,4128
702260535,SYMMETRY SPEC PTY LTD,2026-09-10,Registered,Australian Proprietary Company,NORTH LAMBTON,NSW,2299
702260580,ARROW CAPITAL GROUP PTY LTD,2026-09-10,Registered,Australian Proprietary Company,NOBLE PARK,VIC,3174
702260624,ECO NATURE PTY LTD,2026-09-10,Registered,Australian Proprietary Company,OFFICER,VIC,3809
702260697,UNDER THE PUMP EQUIPMENT PTY LTD,2026-09-10,Registered,Australian Proprietary Company,HALLAM,VIC,3803
702260731,GOOD FOOD HQ PTY LTD,2026-09-10,Registered,Australian Proprietary Company,RIVERSIDE,TAS,7250
702260820,LEE WELDING SOLUTIONS PTY LTD,2026-09-10,Registered,Australian Proprietary Company,YARRAVILLE,VIC,3013
702260928,BLUE DUCKY CLEANING SERVICES PTY LTD,2026-09-10,Registered,Australian Proprietary Company,SALISBURY DOWNS,SA,5108
702260964,WARF PTY LTD,2026-09-10,Registered,Australian Proprietary Company,MANLY VALE,NSW,2093
702261087,CABINEX HOMES PTY LTD,2026-09-10,Registered,Australian Proprietary Company,TAIGUM,QLD,4018
702261210,S HUSSAIN PTY LTD,2026-09-10,Registered,Australian Proprietary Company,BALLAJURA,WA,6066
702261274,MODELE PTY LTD,2026-09-10,Registered,Australian Proprietary Company,DIAMOND CREEK,VIC,3089
702261327,NOBLE STRUCTURES PTY LTD,2026-09-10,Registered,Australian Proprietary Company,PENDLE HILL,NSW,2145
702261390,A.C.N. 702 261 390 PTY LTD,2026-09-10,Registered,Australian Proprietary Company,KARABAR,NSW,2620
702261443,Z & Z LENDING SOLUTIONS PTY LTD,2026-09-10,Registered,Australian Proprietary Company,EPPING,NSW,2121
702261498,JARVAUDS PROPERTY PTY LTD,2026-09-10,Registered,Australian Proprietary Company,LILYFIELD,NSW,2040
702261550,REAL DEAL BEEF FARM PTY LTD,2026-09-10,Registered,Australian Proprietary Company,POOWONG NORTH,VIC,3988
702261649,A.C.N. 702 261 649 PTY LTD,2026-09-10,Registered,Australian Proprietary Company,WERRIBEE,VIC,3030
702261756,CHI CHI BELLA PTY LTD,2026-09-10,Registered,Australian Proprietary Company,WEST PENNANT HILLS,NSW,2125
702261774,ACACIA KIN PTY LTD,2026-09-10,Registered,Australian Proprietary Company,SYDNEY,NSW,2000
702261854,MEYER ESTATE 1 PTY LTD,2026-09-10,Registered,Australian Proprietary Company,PENRITH SOUTH,NSW,2750
702261872,DYNAMIC CUT WA PTY LTD,2026-09-10,Registered,Australian Proprietary Company,BOORAGOON,WA,6154
702261907,BLAYNEY CIVIL PTY LTD,2026-09-10,Registered,Australian Proprietary Company,EASTGARDENS,NSW,2036
702261934,PAUL AYO CORP PTY LTD,2026-09-10,Registered,Australian Proprietary Company,BANKSTOWN,NSW,2200
702261998,M MATHESON VENTURES PTY LTD.,2026-09-10,Registered,Australian Proprietary Company,PADDINGTON,NSW,2021
702262084,UDAYA PTY LTD,2026-09-10,Registered,Australian Proprietary Company,TOONGABBIE,NSW,2146
702262182,SUNSHINE COAST BALLOONS PTY LTD,2026-09-10,Registered,Australian Proprietary Company,TEWANTIN,QLD,4565
702262271,CROWNFIELD LIVING PTY LTD,2026-09-10,Registered,Australian Proprietary Company,VARSITY LAKES,QLD,4227
702262333,THREE 1 THREE SERVICES PTY. LTD,2026-09-10,Registered,Australian Proprietary Company,MARSDEN PARK,NSW,2765
702262351,NOVA BRICKLAYING SERVICES PTY LTD,2026-09-10,Registered,Australian Proprietary Company,TRUGANINA,VIC,3029
702262422,JSG ELITE SERVICES PTY LTD,2026-09-10,Registered,Australian Proprietary Company,LANGFORD,WA,6147
702262575,KELLY FORMWORK PTY LTD,2026-09-10,Registered,Australian Proprietary Company,INNALOO,WA,6018
702262628,STACK SURFACES PTY LTD,2026-09-10,Registered,Australian Proprietary Company,CURRANS HILL,NSW,2567
702262726,SMSB LOGISTICS PTY LIMITED,2026-09-10,Registered,Australian Proprietary Company,MICKLEHAM,VIC,3064
702262753,DLM LAND MANAGEMENT SOLUTIONS PTY LTD,2026-09-10,Registered,Australian Proprietary Company,CLONCURRY,QLD,4824
702262842,158 LINKS PTY LTD,2026-09-10,Registered,Australian Proprietary Company,EAST BALLINA,NSW,2478
702262922,BRIGADE SUPPLY GROUP PTY LTD,2026-09-10,Registered,Australian Proprietary Company,RESERVOIR,VIC,3073
702262931,OXBORROW ROUNDUP PTY LTD,2026-09-10,Registered,Australian Proprietary Company,BILGOLA BEACH,NSW,2107
702262940,INFRASTRUCTURE SKILLS AUSTRALIA PTY LTD,2026-09-10,Registered,Australian Proprietary Company,GREENWOOD,WA,6024
702262977,CHERISHMARK STUDIO PTY LTD,2026-09-10,Registered,Australian Proprietary Company,PARKINSON,QLD,4115
702263090,MYA MECHANICAL PTY LTD,2026-09-10,Registered,Australian Proprietary Company,CARBROOK,QLD,4130
702263143,PARK SMSF NOMINEES PTY LTD,2026-09-10,Registered,Australian Proprietary Company,SEFTON PARK,SA,5083
702263205,JZ LABS PTY LTD,2026-09-10,Registered,Australian Proprietary Company,ZETLAND,NSW,2017
702263278,ONEPATH UNITY PTY LTD,2026-09-10,Registered,Australian Proprietary Company,CLYDE NORTH,VIC,3978
702263303,MID NORTH FIREWOOD PTY LTD,2026-09-10,Registered,Australian Proprietary Company,JAMESTOWN,SA,5491
702263492,ND KITCHEN CABINETS PTY LTD,2026-09-10,Registered,Australian Proprietary Company,TARNEIT,VIC,3029
702263509,"HASSEB ROLLS, FRIED FISH & GRILL PTY LTD",2026-09-10,Registered,Australian Proprietary Company,HIGH WYCOMBE,WA,6057
702263518,KAZIMI GROUP PTY LTD,2026-09-10,Registered,Australian Proprietary Company,NARRE WARREN,VIC,3805
702263527,TANDEM CRANES PTY LTD,2026-09-10,Registered,Australian Proprietary Company,PUNCHBOWL,NSW,2196
702263572,ALVERO ART & ANTIQUES PTY LTD,2026-09-10,Registered,Australian Proprietary Company,SKYE,VIC,3977
702263625,MAVEN FUND PTY LTD,2026-09-10,Registered,Australian Proprietary Company,MOUNT ELIZA,VIC,3930
702263778,KYLE TOWING PTY LTD,2026-09-10,Registered,Australian Proprietary Company,CARBROOK,QLD,4130
702263910,SOIA ART INTERNATIONAL PTY LTD,2026-09-10,Registered,Australian Proprietary Company,HALLS HEAD,WA,6210
702263929,BYDH HOLDINGS PTY LTD,2026-09-10,Registered,Australian Proprietary Company,PARKINSON,QLD,4115
702263947,THE TITAN PAY PTY LTD,2026-09-10,Registered,Australian Proprietary Company,GLEN ALPINE,NSW,2560
702263992,STONE HORIZON ASSETS NO.2 PTY LTD,2026-09-10,Registered,Australian Proprietary Company,SCORESBY,VIC,3179
702264006,ACCOUNTABLY FIT VENTURES PTY LTD,2026-09-10,Registered,Australian Proprietary Company,MELBOURNE,VIC,3000
702264024,STONE HORIZON ASSETS NO.3 PTY LTD,2026-09-10,Registered,Australian Proprietary Company,SCORESBY,VIC,3179
702264060,JADE FIGHT & FITNESS PTY LTD,2026-09-10,Registered,Australian Proprietary Company,PARRAMATTA,NSW,2150
702264122,CATCH GLOBAL PTY LTD,2026-09-10,Registered,Australian Proprietary Company,SPRINGFIELD LAKES,QLD,4300
